kup|sk|
01V9XD|10|
01XLGP|10|
027QFV|10|
02N12T|10|
033TCC|10|
03JC10|10|
04DKZG|10|
04DXPY|10|
04EPK0|10|
04J1ZQ|10|
04U9YY|10|
0512CP|10|
054A25|10|
05A2C3|10|
05ZXUW|10|
064D5G|10|
06DN2Q|10|
06IPF4|10|
06QP3U|10|
0742F2|10|
07R3Q7|10|
081OYU|10|
08UHQC|10|
09F9ZJ|10|
0A7HZM|10|
0AQRZK|10|
0B085L|10|
0BZ2P6|10|
0CCH1D|10|
0CDFF4|10|
0CI9I9|10|
0CTTAM|10|
0CXHLW|10|
0D91K5|10|
0E56P8|10|
0EH9KA|10|
0EIKFC|10|
0ERV5R|10|
0F1O4N|10|
0F6O9F|10|
0FLBDV|10|
0FZZGK|10|
0GJIEG|10|
0HGOT6|10|
0I2YUD|10|
0I8CHZ|10|
0IM849|10|
0IPQ2N|10|
0JGGGO|10|
0KM10U|10|
0KMXNK|10|
0LAQ6A|10|
0MAHLP|10|
0N1MGA|10|
0NTJZO|10|
0O81CC|10|
0OG9KB|10|
0OIXNL|10|
0OOQ8H|10|
0PCGN0|10|
0PEJB0|10|
0PLJ7S|10|
0Q1S1V|10|
0QBQAY|10|
0QCPYR|10|
0QFC7T|10|
0QJL7U|10|
0R0HZ9|10|
0R6ZO1|10|
0RSE4H|10|
0SHS05|10|
0SMKNS|10|
0SQ12P|10|
0TCRKH|10|
0TKKSF|10|
0U2KLN|10|
0V448A|10|
0V8TL6|10|
0W1VQE|10|
0W1XAT|10|
0WIDH0|10|
0WYH65|10|
0X0UJV|10|
0X38FV|10|
0YPSQA|10|
0YRO84|10|
0Z34JN|10|
0ZFN5V|10|
0ZUDH0|10|
104A59|10|
10P2UG|10|
12CR6P|10|
12UMCO|10|
131FSB|10|
13RZT3|10|
14HZ62|10|
14JR3O|10|
152DMH|10|
15O7XA|10|
15TTH7|10|
15XD5E|10|
170EPU|10|
17HQ2S|10|
17O3KW|10|
18GZ9U|10|
18HNJR|10|
1916JE|10|
19ICIX|10|
19QMVX|10|
19UAJ9|10|
1A8TN9|10|
1ADBAH|10|
1ARNLO|10|
1BBGAH|10|
1BEYIU|10|
1D3FA0|10|
1D3OSJ|10|
1DD5QR|10|
1DGMIC|10|
1DYFPV|10|
1EDFRN|10|
1EE0WD|10|
1EE4DL|10|
1EZ8MH|10|
1FC42G|10|
1GMO6G|10|
1GVYN9|10|
1HPEFP|10|
1HSA9O|10|
1HSNMZ|10|
1I5UVR|10|
1ITXD9|10|
1IZ6IQ|10|
1J2R5P|10|
1JWNYC|10|
1NU7AU|10|
1NV7JL|10|
1O40DF|10|
1OX4DG|10|
1PK5N3|10|
1QJTDO|10|
1QSILA|10|
1RIJFD|10|
1RLSTA|10|
1RRE64|10|
1RZ6MS|10|
1S5UMI|10|
1SAEEY|10|
1SUSB3|10|
1T2EB4|10|
1TDALO|10|
1TEU76|10|
1TH7AL|10|
1UDJLR|10|
1URU7N|10|
1W4UN2|10|
1W9R78|10|
1WR4CM|10|
1WRFGQ|10|
1XMN0X|10|
1Y933L|10|
1YAIRI|10|
1YHHPJ|10|
1ZS5GF|10|
1ZSKIO|10|
2282Z6|10|
22ATUW|10|
22UVG8|10|
22ZKA6|10|
238GVB|10|
238KNF|10|
238OO8|10|
239DD6|10|
239ZS1|10|
23MAF7|10|
24GV7J|10|
24OV3R|10|
25Q7T1|10|
264U37|10|
26JGDZ|10|
26JUT4|10|
27I4A0|10|
27J2R7|10|
27Y5FD|10|
27ZHC2|10|
2808WI|10|
284BEL|10|
288JIT|10|
28XMVT|10|
29A5A0|10|
29DAXO|10|
29QB4D|10|
2AJ4ZZ|10|
2B8Q7O|10|
2BDFCI|10|
2CR272|10|
2D02EU|10|
2D5RVH|10|
2D7R4L|10|
2DKYK0|10|
2E1Y57|10|
2E4Z73|10|
2FJBGS|10|
2FQQX6|10|
2H9SI1|10|
2HJKPP|10|
2HQ9V3|10|
2ILG3P|10|
2J3T8J|10|
2JBNNL|10|
2JC9F7|10|
2JW8YB|10|
2K5DVR|10|
2K9JV2|10|
2KC7KI|10|
2KOS9C|10|
2LYVL3|10|
2MFAHF|10|
2MMSOZ|10|
2N96TT|10|
2NR6W2|10|
2O3H9G|10|
2OZIJ5|10|
2PH5C7|10|
2PIO4E|10|
2Q5NND|10|
2RA85G|10|
2RWKBA|10|
2RXZ90|10|
2STNUJ|10|
2SWC8C|10|
2T8RYE|10|
2T9DVH|10|
2V7HFH|10|
2W8025|10|
2WJPPZ|10|
2WVAP7|10|
2X0TDL|10|
2XUQUI|10|
2Y9W0A|10|
2YIWK5|10|
2ZV0SB|10|
30AR1J|10|
30H08S|10|
30PWE9|10|
31Y6IA|10|
3298GU|10|
332RD6|10|
33VAQT|10|
34SH1Y|10|
34VW6L|10|
35MVXL|10|
35O3TC|10|
371SJ4|10|
372JO8|10|
37D7V2|10|
398C27|10|
39CP0A|10|
39FW79|10|
39XH9E|10|
3AICZ1|10|
3B4KU6|10|
3B51I4|10|
3B71CP|10|
3CZBY0|10|
3D304I|10|
3D7Y7O|10|
3DBBO2|10|
3DMI9A|10|
3E0F12|10|
3EA9VL|10|
3F6QWR|10|
3FT96M|10|
3G2J50|10|
3GGU5K|10|
3GP037|10|
3GR8K5|10|
3H7PUK|10|
3HJI7R|10|
3HW7TR|10|
3I4QLJ|10|
3IR986|10|
3KWLQV|10|
3MKZ7F|10|
3N9LRK|10|
3OGTDA|10|
3OTU8X|10|
3PENZQ|10|
3PI0A5|10|
3PP81E|10|
3QR8PH|10|
3QW30T|10|
3RCCV4|10|
3RDK8L|10|
3RRZ25|10|
3SZLRS|10|
3TCFG3|10|
3U7EW6|10|
3UC5Z7|10|
3UGFUM|10|
3URXON|10|
3WQHVL|10|
3Y8VQU|10|
3YD8QR|10|
3Z1NLF|10|
3Z1NVC|10|
3ZIRAA|10|
3ZPK0W|10|
3ZYYWR|10|
400LSP|10|
40J3A4|10|
414BA1|10|
41JH0P|10|
41Y2J4|10|
422SPB|10|
42BLGT|10|
43FZIT|10|
43R9PE|10|
43ZR6Y|10|
44DLU5|10|
459AXC|10|
459I91|10|
45FXF2|10|
4694CT|10|
469LAO|10|
46HCGO|10|
479C7Y|10|
47BBNG|10|
47D4HG|10|
47G6K9|10|
47TJ14|10|
47UC3T|10|
49E4OK|10|
49QIY7|10|
4AFUH8|10|
4AS4XA|10|
4B7C5T|10|
4BDD2E|10|
4BNA72|10|
4BOCEV|10|
4BS7A6|10|
4BYTOT|10|
4C5AZP|10|
4C8PXX|10|
4CE4UP|10|
4CHCA7|10|
4CHONF|10|
4CKVNP|10|
4E6UKV|10|
4EN6AT|10|
4F3OI3|10|
4F88X9|10|
4FBDTH|10|
4FCUBW|10|
4G3MLY|10|
4GF7YD|10|
4GNGMM|10|
4GQNE7|10|
4H1IQA|10|
4HK0R8|10|
4I1Y85|10|
4IZ8FA|10|
4JCL3E|10|
4JQPHH|10|
4KC78G|10|
4KHMV5|10|
4L8NWV|10|
4LSPN6|10|
4MEGFH|10|
4NKL6B|10|
4NPKG2|10|
4NTBVB|10|
4O6JDE|10|
4O7NRA|10|
4OY7BE|10|
4PCG3K|10|
4PKP91|10|
4PN10P|10|
4QH9X3|10|
4QS09L|10|
4QY5I8|10|
4RANEP|10|
4RFC37|10|
4RVZ2L|10|
4SQZO0|10|
4TGLIW|10|
4UCILJ|10|
4URS4I|10|
4VHLUH|10|
4VHUG0|10|
4W5BT3|10|
4WBLN4|10|
4X9742|10|
4XB2E6|10|
4XPFPQ|10|
4XUEIS|10|
4Y37VW|10|
4YEO4Y|10|
4Z0UWI|10|
4ZHYXV|10|
4ZLN20|10|
4ZN003|10|
4ZOMEF|10|
50OFQP|10|
511EYJ|10|
52I640|10|
52MWT7|10|
52PMUZ|10|
52S6NN|10|
531SSP|10|
53CC6H|10|
53K847|10|
53QME9|10|
53T01F|10|
540IAQ|10|
5500I6|10|
568330|10|
56ONGH|10|
578NHN|10|
57ZDHV|10|
58B005|10|
58LA70|10|
59KIMB|10|
5ATSLM|10|
5B7DZE|10|
5C41VR|10|
5CA2MC|10|
5CI5FP|10|
5DOR1Y|10|
5DSGAF|10|
5E8POW|10|
5FTVNC|10|
5GHPAL|10|
5GOTBV|10|
5H4ZYD|10|
5HXZ4I|10|
5IA8Q9|10|
5IMBY4|10|
5JXOXD|10|
5JXU3O|10|
5KQS10|10|
5KSVHH|10|
5KTLQQ|10|
5KXMR7|10|
5LGJQ6|10|
5LT9KY|10|
5LZQS7|10|
5M10WM|10|
5M42PZ|10|
5N74KL|10|
5NUT0Z|10|
5NV4BL|10|
5O6HTW|10|
5OXB9D|10|
5PASF7|10|
5PFPRY|10|
5PRZW3|10|
5PST2K|10|
5PWEG8|10|
5QIL2J|10|
5QKXBC|10|
5QN70Z|10|
5QOET4|10|
5QSXS2|10|
5RGJQE|10|
5RKSHM|10|
5RLWCR|10|
5ROEPK|10|
5SBVZF|10|
5SMJ66|10|
5T1Q38|10|
5U33K9|10|
5UX6TB|10|
5V4CHN|10|
5V4W7H|10|
5VRP7F|10|
5WPH9V|10|
5WTL7L|10|
5XGK97|10|
5YWC1B|10|
5Z6F53|10|
5Z6S1F|10|
60MSR5|10|
614VET|10|
61OIB6|10|
62TTM2|10|
62XLUW|10|
62ZTQ7|10|
639C7O|10|
63KZUR|10|
63XXGC|10|
64D9MC|10|
64F43E|10|
66KZW8|10|
66LI61|10|
66OEW6|10|
671QT0|10|
6758VP|10|
676P2T|10|
6784BY|10|
67C1WU|10|
67GTUH|10|
67LNAE|10|
67SSGK|10|
68DTRG|10|
68MHYL|10|
68SILO|10|
691JBZ|10|
69URO3|10|
6A270L|10|
6A4IJT|10|
6ABJ0F|10|
6CDRZG|10|
6CFL42|10|
6CFYH1|10|
6CLFXP|10|
6CM79D|10|
6D48W2|10|
6DXV5S|10|
6DZ9I1|10|
6EDOM7|10|
6F5UK7|10|
6FEQJP|10|
6G5H7K|10|
6G69QH|10|
6H3I74|10|
6HSCNK|10|
6HTSJW|10|
6HZZ8A|10|
6IJU2M|10|
6ISHRO|10|
6JQY4V|10|
6KLYL3|10|
6KRC9E|10|
6L86Z1|10|
6LBEE4|10|
6LHC4V|10|
6LMTN2|10|
6LS29L|10|
6LX2PQ|10|
6M7A4F|10|
6MDI8V|10|
6MHACH|10|
6MHJC6|10|
6MW7MV|10|
6NYXPH|10|
6O65VC|10|
6O8ERH|10|
6OFGJU|10|
6QI82O|10|
6QKUWI|10|
6QT1SA|10|
6QUXA2|10|
6R5BWI|10|
6RO070|10|
6RTQ68|10|
6SBQED|10|
6SDUMA|10|
6SH0XB|10|
6SPLVP|10|
6T1CKR|10|
6T1V21|10|
6TKJM6|10|
6TMJA2|10|
6UKK0M|10|
6UV9PJ|10|
6UX1II|10|
6V1DBV|10|
6VTP6H|10|
6WS7D3|10|
6WZWAD|10|
6X5LZ9|10|
6XOQRE|10|
6Y5R7N|10|
6Y7ZLM|10|
6YOU6A|10|
6ZDR2V|10|
6ZN2IG|10|
70P6CB|10|
7123Z5|10|
72LQEK|10|
738K8I|10|
73HG5K|10|
7428DO|10|
74NYIX|10|
74S2BN|10|
759S0A|10|
75DU3W|10|
75Y76O|10|
786NBZ|10|
79NCWJ|10|
79NIJW|10|
79SJ31|10|
79VMSF|10|
79XGX9|10|
79XUDL|10|
7AODWX|10|
7B7ZGO|10|
7BG2NM|10|
7D7JS3|10|
7DVV7S|10|
7F3MM6|10|
7FDGIP|10|
7FQR1I|10|
7GI3JL|10|
7GTYQW|10|
7GY34L|10|
7H3LOY|10|
7H7T2Y|10|
7HB9AL|10|
7HZ3GB|10|
7ID2ZN|10|
7IIG8T|10|
7IJ7CU|10|
7IKZJ1|10|
7J28AU|10|
7J3W82|10|
7JALHD|10|
7K595Z|10|
7KMEXM|10|
7KXHKF|10|
7KZLSI|10|
7MAI3B|10|
7MH7XP|10|
7MR3SA|10|
7NB1OV|10|
7NCXS4|10|
7NE9FG|10|
7NKN0M|10|
7OX81P|10|
7P9QQH|10|
7PGWDC|10|
7PH5OP|10|
7PKXWZ|10|
7SJ4BL|10|
7TYBQ1|10|
7UE5RP|10|
7V1S0G|10|
7V4FQM|10|
7VIE22|10|
7XTYI8|10|
7XVHM5|10|
7Y6W7T|10|
7YW0QN|10|
7ZL7NR|10|
809WL9|10|
80BROF|10|
80OQLY|10|
80TZ7V|10|
81B9BU|10|
81O4L4|10|
81YIMN|10|
82A9WZ|10|
82HKE8|10|
82OW86|10|
82Y61P|10|
833ANH|10|
8456WL|10|
84I89N|10|
84IV0S|10|
85C975|10|
86AHEY|10|
86K16Q|10|
86N0U4|10|
86SR5D|10|
86V4WP|10|
86XTLD|10|
8787TN|10|
87AWRQ|10|
87UBL3|10|
889HUW|10|
88BVDH|10|
88K632|10|
88K7GK|10|
88KWIW|10|
88VWH3|10|
8947SI|10|
89HO5H|10|
89I5R3|10|
89QZS7|10|
8AYA5H|10|
8B06TT|10|
8BQID2|10|
8BZF88|10|
8D3RMJ|10|
8D6DGU|10|
8DP34M|10|
8DQ0KB|10|
8DU2IY|10|
8DV7G5|10|
8EOVE4|10|
8EPVNV|10|
8ET0CC|10|
8F0UIN|10|
8F2JPC|10|
8F9F77|10|
8FAVTI|10|
8FLV61|10|
8FRTPM|10|
8FWVF2|10|
8H493U|10|
8IHCIY|10|
8ILP1N|10|
8J1VAC|10|
8J3QLY|10|
8JNPB9|10|
8L6034|10|
8LFYRD|10|
8MFFQE|10|
8MMVUM|10|
8N77FH|10|
8NMGY3|10|
8NUEH4|10|
8O9TPZ|10|
8OMAPY|10|
8OS78W|10|
8PB4FK|10|
8PPNLV|10|
8PS3SZ|10|
8PUOGO|10|
8PWD7N|10|
8QOW4S|10|
8QXJAM|10|
8R49TX|10|
8R9TOW|10|
8RJ07C|10|
8S5Y1F|10|
8SAHOU|10|
8SLM96|10|
8T9KBD|10|
8TLVLY|10|
8TOE7R|10|
8U9G7S|10|
8UGPCB|10|
8UHUWP|10|
8VZ9P8|10|
8VZC6K|10|
8W1SLS|10|
8WUK1G|10|
8X104M|10|
8XA32G|10|
8XIVMY|10|
8XJSBA|10|
8Y49LQ|10|
8YFWMK|10|
8ZLXT8|10|
8ZV1J0|10|
90YC6U|10|
91JIIA|10|
91PFKV|10|
923KK2|10|
93V6J5|10|
945Z3C|10|
95ABVX|10|
95QBG3|10|
969WNR|10|
96Y24G|10|
97MC3U|10|
980BM5|10|
9860QC|10|
988BR8|10|
98OQC9|10|
99QYZD|10|
9AD4O2|10|
9AIMQ8|10|
9B0VGU|10|
9B48UX|10|
9C0SRH|10|
9C9PU9|10|
9CIM1I|10|
9CKT3P|10|
9DWKWB|10|
9DWYWW|10|
9DY7JP|10|
9E1U8P|10|
9ECZBI|10|
9EUFNM|10|
9FG4GJ|10|
9FOO63|10|
9G1Z4J|10|
9GMU6Z|10|
9H22QY|10|
9HP0WN|10|
9HV6HZ|10|
9I0LLG|10|
9I4UTR|10|
9IV7R8|10|
9IX6CV|10|
9JJNBH|10|
9K7VIY|10|
9KHI09|10|
9KHPMC|10|
9KTR29|10|
9L4YON|10|
9L68P9|10|
9LL0EZ|10|
9LZLOM|10|
9MBCT1|10|
9N622X|10|
9N6EQ9|10|
9O9AXC|10|
9OE17O|10|
9Q7A62|10|
9QQBJK|10|
9R7RYK|10|
9R9REM|10|
9RLC3K|10|
9RRNYF|10|
9RTY6Z|10|
9S0A2W|10|
9S6I5E|10|
9S6N49|10|
9SIYRL|10|
9SPOE1|10|
9SQK39|10|
9SX1YA|10|
9TJF7V|10|
9TXH71|10|
9U4ZI4|10|
9UQBR4|10|
9UVCGR|10|
9VAK9A|10|
9WABT8|10|
9WGR1Y|10|
9WP4JK|10|
9WT39M|10|
9XS0ZS|10|
9Y5EQF|10|
9YE0M4|10|
9YIG7Y|10|
9YIWW2|10|
9YM2HR|10|
9YWX4S|10|
9Z3795|10|
9ZV7DK|10|
9ZXZXA|10|
A0IY96|10|
A0J2L1|10|
A0KX4B|10|
A19AC6|10|
A1P3XV|10|
A1QTZF|10|
A2FXTD|10|
A2TL9A|10|
A2X14W|10|
A3A1LI|10|
A47OMC|10|
A48C1J|10|
A4M110|10|
A5GNZN|10|
A66CRX|10|
A6GVKC|10|
A6VN35|10|
A6XRDU|10|
A7ARN9|10|
A7XEAO|10|
A891NW|10|
A8NE4F|10|
A8O73W|10|
A9BIZH|10|
A9F590|10|
A9NFXO|10|
A9XUGU|10|
AA9XG5|10|
AACU6K|10|
AANJ2K|10|
AAOAO6|10|
AAOVYK|10|
AAU67D|10|
AB3XR2|10|
ABB87U|10|
ABITI8|10|
ABU6XV|10|
ABX07C|10|
AC33OC|10|
AC8KHQ|10|
AD7EA3|10|
AEDD9E|10|
AER91Z|10|
AFEE57|10|
AFHIEQ|10|
AFZKG1|10|
AGBFVS|10|
AGOEVR|10|
AGPZAR|10|
AGS9Y3|10|
AGYC66|10|
AH2PM8|10|
AHCGPD|10|
AHFOAN|10|
AHU8CE|10|
AIJ1T7|10|
AJ6I50|10|
AJB08A|10|
AJC4M9|10|
AJM07E|10|
AK0B4B|10|
AK8JQG|10|
AL2MH4|10|
AL5IYS|10|
AL5JH0|10|
AL9XB0|10|
AM7HWT|10|
ANL58L|10|
AO0KN3|10|
AO9BJW|10|
APLTQ3|10|
AQUNJK|10|
AR4IDJ|10|
ARZTDK|10|
ATCCWU|10|
ATE6OA|10|
ATEXIS|10|
AU3ELE|10|
AU8GOE|10|
AUCDBR|10|
AUWO13|10|
AUYAZQ|10|
AVGOSF|10|
AWSUEE|10|
AWTHD5|10|
AX70ZD|10|
AX9VY2|10|
AXJI8X|10|
AZ72ZF|10|
AZFVO7|10|
AZMOXF|10|
B0ZKA6|10|
B149DD|10|
B17WIL|10|
B1BUX0|10|
B2B1EE|10|
B2GM6H|10|
B2IXJZ|10|
B2PKLY|10|
B33SVG|10|
B4QGX6|10|
B60CPK|10|
B636PF|10|
B6FOK0|10|
B6SXYX|10|
B74YVK|10|
B7AOQR|10|
B7FDUW|10|
B7UNV1|10|
B7VGJT|10|
B9I5BY|10|
BA3X6J|10|
BA6NGV|10|
BAHSCX|10|
BAHXE1|10|
BB55TD|10|
BBW5DV|10|
BCJZI2|10|
BCKZVF|10|
BCOAHB|10|
BD137P|10|
BDHL4D|10|
BDOJDQ|10|
BDRJAK|10|
BE763J|10|
BFF64K|10|
BFLVBN|10|
BFW7K1|10|
BGLILQ|10|
BGQ2BS|10|
BGYR91|10|
BH4FSS|10|
BHV5BZ|10|
BI3EV6|10|
BINR2S|10|
BJ62FV|10|
BJBT02|10|
BKHKMX|10|
BKXDK3|10|
BLALLZ|10|
BLB46O|10|
BLG77W|10|
BLKLC1|10|
BLUYDN|10|
BMSLLS|10|
BMTJ8V|10|
BMXUE8|10|
BN7MQS|10|
BNB655|10|
BO0R9J|10|
BO14BT|10|
BO522B|10|
BOSXSU|10|
BPQI1O|10|
BQ5X99|10|
BQNHTJ|10|
BQOZKC|10|
BQUJZH|10|
BR3H92|10|
BRNDZ9|10|
BRQ81W|10|
BRVFBM|10|
BT1LO4|10|
BT3BAC|10|
BTHBYM|10|
BTQ9K4|10|
BUJLK5|10|
BUK2IX|10|
BUW6L1|10|
BV4X8T|10|
BV8MX4|10|
BVB354|10|
BVFHJ0|10|
BW0V8P|10|
BWZLG6|10|
BX4EF2|10|
BXJXDK|10|
BXZ7P8|10|
BY0MOF|10|
BY6S4Z|10|
BY6YM3|10|
BYBM8U|10|
BZKWX3|10|
C0BIW2|10|
C0XEL5|10|
C12QY5|10|
C1LQ6Y|10|
C2FX0H|10|
C2S56B|10|
C371F8|10|
C3PBEM|10|
C4GNSI|10|
C4ZA3C|10|
C57T9T|10|
C5A2UP|10|
C5U19D|10|
C6DXY0|10|
C6LE1Q|10|
C6SOCZ|10|
C6V6UR|10|
C6XEXR|10|
C7MLCI|10|
C8I7ZV|10|
C8Q5NK|10|
C8QPI5|10|
C93JVR|10|
C94XJT|10|
C95EB5|10|
C9ADN6|10|
C9UOAH|10|
CAK6QV|10|
CAWNSL|10|
CBHS7F|10|
CCLW0L|10|
CCR7FL|10|
CD56OX|10|
CDMYDZ|10|
CDUZ88|10|
CFWWHL|10|
CGDVKZ|10|
CGTVGL|10|
CGZMF7|10|
CIHV6B|10|
CIRK83|10|
CIWXC1|10|
CJQJ1L|10|
CK2W4A|10|
CK8OW5|10|
CK8POF|10|
CKI6FX|10|
CM18BP|10|
CM1FOY|10|
CMOIET|10|
CNHU8W|10|
CNISWC|10|
CO5FRV|10|
COB04W|10|
COEZBF|10|
COQEEH|10|
CORPE2|10|
CPOFO2|10|
CQC2AG|10|
CQEAF4|10|
CRA225|10|
CRHXZA|10|
CRKTAB|10|
CSED1X|10|
CT5B52|10|
CTJHEK|10|
CTLDYE|10|
CU1RLR|10|
CU22SK|10|
CUFYMY|10|
CV1MJS|10|
CVEF7D|10|
CVFTP0|10|
CVJNTU|10|
CW0C0U|10|
CW61LO|10|
CWWVTC|10|
CX5QDU|10|
CX7ZXO|10|
CXEA2O|10|
CXMDFI|10|
CXOVGL|10|
CYPHEA|10|
CZ65CH|10|
CZ6UDC|10|
CZ9T2P|10|
CZFZDV|10|
CZG8ZF|10|
CZGG9N|10|
D0ZQL7|10|
D1RS1R|10|
D1VHJO|10|
D1Y6TD|10|
D2EKPH|10|
D2GHHM|10|
D2TNXZ|10|
D2VA58|10|
D3O0VC|10|
D3X8KC|10|
D4OKGX|10|
D4Z5GL|10|
D5EOIO|10|
D5I2B1|10|
D6F4AS|10|
D6ZK11|10|
D7CS7P|10|
D7XG4E|10|
D85CPM|10|
D8RDYY|10|
D8TITU|10|
D95OHS|10|
DADU2W|10|
DAIJOD|10|
DATEZY|10|
DB0S80|10|
DBYKF5|10|
DC1IR1|10|
DD5XSK|10|
DDJBHR|10|
DE0Z9Y|10|
DE7IKT|10|
DE8FGM|10|
DEPOAT|10|
DERQ21|10|
DETOEP|10|
DFL9G9|10|
DG2DWB|10|
DGI1XD|10|
DGT672|10|
DH74JB|10|
DHC5T3|10|
DHCD0N|10|
DHK0CI|10|
DHKP64|10|
DHORWP|10|
DI0OWL|10|
DIHS5V|10|
DIID7S|10|
DIMJJK|10|
DIMY03|10|
DIQOUZ|10|
DJ2C06|10|
DJAD4I|10|
DJTK0S|10|
DK0KPY|10|
DK3GOG|10|
DK3KOS|10|
DK732E|10|
DL0NTK|10|
DL5NE9|10|
DLDW8D|10|
DLQX36|10|
DM0DF0|10|
DM92KF|10|
DMIYTO|10|
DMLXCC|10|
DMMZXS|10|
DMVF3V|10|
DNOAWR|10|
DONBGT|10|
DOTAHC|10|
DPAZCJ|10|
DPD83A|10|
DPOKF2|10|
DQ6SQT|10|
DQYVX0|10|
DR7WA0|10|
DRC6ID|10|
DRGCRK|10|
DU8BHN|10|
DU9YJS|10|
DV1DFR|10|
DV63F9|10|
DVJ0PW|10|
DVMUVI|10|
DW6VPB|10|
DWJBLJ|10|
DWJBY8|10|
DWJQCF|10|
DWMMQ7|10|
DWOS9W|10|
DWRED7|10|
DWS4RS|10|
DWVZS8|10|
DWWZD0|10|
DX06FQ|10|
DXGZN4|10|
DXKVIO|10|
DY3JEX|10|
DY5YHN|10|
DZ0033|10|
DZFQNH|10|
DZS96B|10|
DZZ3GT|10|
E0W8U2|10|
E0WBDD|10|
E17VF8|10|
E1XV1T|10|
E25S7W|10|
E27XTP|10|
E462PL|10|
E54Q0P|10|
E59UDV|10|
E64MVZ|10|
E6XUOL|10|
E72AVK|10|
E827DU|10|
E866C0|10|
E9YI5N|10|
EA6W36|10|
EB1GEQ|10|
EBSL3J|10|
EC9K87|10|
ECIM4F|10|
ED4HYN|10|
ED6P30|10|
EDMHVU|10|
EDN2TA|10|
EELS46|10|
EERLUI|10|
EG9BZ8|10|
EG9O7I|10|
EGBCBU|10|
EHVLY4|10|
EJT0K0|10|
EKBJ72|10|
EKNGII|10|
ELAH0R|10|
EMD3T1|10|
ENP138|10|
EP1206|10|
EP7HHZ|10|
EPWKMV|10|
EQD02Z|10|
ER9PNS|10|
ERDWXY|10|
ERVYPC|10|
ESC8JZ|10|
ET624H|10|
ETF4D8|10|
ETFQOR|10|
ETKT66|10|
EUBPOH|10|
EUKIKO|10|
EUKRX2|10|
EUNYFP|10|
EUP2YO|10|
EVH5Q1|10|
EW7SZW|10|
EWX76Q|10|
EWZKOJ|10|
EX09VR|10|
EX0UBI|10|
EXBGRT|10|
EXI4A3|10|
EYAU8L|10|
EYQ46Q|10|
EYRD8I|10|
EYSWFN|10|
EZ5MVU|10|
EZ8G36|10|
EZKN1H|10|
EZOP96|10|
EZPA5G|10|
EZQTDQ|10|
F0054L|10|
F0P16U|10|
F0V28K|10|
F1EHY9|10|
F1Q44U|10|
F22607|10|
F22H96|10|
F28G0B|10|
F2AIX0|10|
F2U1VZ|10|
F2WCI6|10|
F442BC|10|
F5PZJA|10|
F5UYSJ|10|
F5XXVC|10|
F5Z4JT|10|
F615NV|10|
F6B3R2|10|
F6FE4W|10|
F6ICYT|10|
F6TSYA|10|
F6YI7V|10|
F71QCQ|10|
F7QD26|10|
F7XM3K|10|
F94JAL|10|
FA1S1O|10|
FAE6JU|10|
FAEI5D|10|
FBCFAO|10|
FBVMHR|10|
FC13CD|10|
FCVDHS|10|
FDF1JZ|10|
FDFYR7|10|
FDJO0P|10|
FEX4MD|10|
FF1G6U|10|
FGFME9|10|
FGHARS|10|
FGW4FC|10|
FH6OAS|10|
FI638P|10|
FI8POA|10|
FJ7VR8|10|
FJF983|10|
FJK5XS|10|
FJKI1C|10|
FK2IHY|10|
FKQD1G|10|
FLCWP9|10|
FLGBTJ|10|
FLOH51|10|
FLZXMW|10|
FM7NYM|10|
FM8LR1|10|
FMOLW8|10|
FMT9PN|10|
FMU2UC|10|
FNX8FO|10|
FOJY7W|10|
FOKM2Y|10|
FQ9R53|10|
FQNWGX|10|
FR6PC9|10|
FRN8O5|10|
FS99QH|10|
FSA62C|10|
FSD6OG|10|
FSER2O|10|
FSLOYF|10|
FSS0K8|10|
FT4VUY|10|
FTERQR|10|
FTEZH7|10|
FTIV3E|10|
FTL8JP|10|
FTWJIW|10|
FU3FTG|10|
FUD0Z0|10|
FUW1OK|10|
FV0KGH|10|
FV9VU9|10|
FVFG5C|10|
FVHDH2|10|
FVSM0N|10|
FW3DJA|10|
FWRD4C|10|
FXPO09|10|
FXVSIL|10|
FYRCXY|10|
FYYJBK|10|
FZ45L3|10|
FZAP9Q|10|
G0GZ5C|10|
G0HQWT|10|
G0JLHR|10|
G0ULYR|10|
G14CTL|10|
G1RL37|10|
G1UEH9|10|
G2EE9K|10|
G2WDE7|10|
G35X9B|10|
G380GF|10|
G3H82M|10|
G3MJ57|10|
G3N9HO|10|
G3SQ9J|10|
G3TZCX|10|
G43OI8|10|
G4GP6T|10|
G4NJHM|10|
G53YL0|10|
G56S0T|10|
G5FCRT|10|
G5FIC9|10|
G5GT6O|10|
G6VCU7|10|
G8TGRJ|10|
G9EYV6|10|
G9UCKX|10|
GA96TH|10|
GAEGQ4|10|
GB5K56|10|
GBJQZE|10|
GBQ0S4|10|
GC7TWY|10|
GCFI5I|10|
GCL6XL|10|
GDUQNB|10|
GE497G|10|
GECKHG|10|
GF7GDR|10|
GF7XY6|10|
GFC047|10|
GFQK89|10|
GG77AN|10|
GGCTS0|10|
GHW9K0|10|
GHZS8V|10|
GI8FO3|10|
GIFGW1|10|
GJIFTO|10|
GJR91X|10|
GJWKLG|10|
GK9H5D|10|
GK9VXH|10|
GKDOCM|10|
GLG2UK|10|
GLU6NF|10|
GLVT46|10|
GN4V1P|10|
GN5BFP|10|
GNHJ0L|10|
GOBVH5|10|
GOF2AZ|10|
GOGJEF|10|
GOZXEK|10|
GQKD3F|10|
GQNUC8|10|
GQTZAE|10|
GRTAGQ|10|
GSLF2V|10|
GSZ63U|10|
GTBDHE|10|
GTUG5A|10|
GVO9YG|10|
GVRDOP|10|
GWBV2M|10|
GWW1O5|10|
GWX44F|10|
GXFNMB|10|
GYMFAG|10|
H0D97R|10|
H0I175|10|
H1A9KQ|10|
H1FQ46|10|
H1L3FM|10|
H220MF|10|
H28CCA|10|
H2ECEE|10|
H2FIB5|10|
H2GK6P|10|
H2WBRW|10|
H2YSTV|10|
H33VEK|10|
H3D37H|10|
H3JO15|10|
H4GF4Z|10|
H4PG6Q|10|
H5FYRG|10|
H7RIXT|10|
H7SHPM|10|
H8MTKZ|10|
H9M0P4|10|
HAAGO4|10|
HAIPUN|10|
HAWWOM|10|
HCAVKD|10|
HD57DY|10|
HDC3EO|10|
HE99Y2|10|
HFOHOH|10|
HFREJ2|10|
HG6VT0|10|
HGCIK3|10|
HGPFG4|10|
HHPGY1|10|
HI6TME|10|
HI8E20|10|
HIWUCM|10|
HJ1S80|10|
HJDV6P|10|
HJN6LH|10|
HKJGKX|10|
HKYW3W|10|
HL5957|10|
HLGBQM|10|
HLHUJM|10|
HLRVMY|10|
HM31KB|10|
HMAAXM|10|
HMO5GI|10|
HMSY0G|10|
HN4IAQ|10|
HN5AN5|10|
HNGKNQ|10|
HNYEHC|10|
HO9A62|10|
HOWV30|10|
HPHIBO|10|
HQJ2GU|10|
HQX0G0|10|
HR81L2|10|
HRZFA9|10|
HS35EC|10|
HS3REE|10|
HSRFUZ|10|
HSST6T|10|
HSZ5E3|10|
HTNU9T|10|
HU0X42|10|
HU4LCZ|10|
HU8FTP|10|
HUHKGJ|10|
HUYJS4|10|
HVKE46|10|
HWN5M4|10|
HXN11G|10|
HYPXJK|10|
HYQX10|10|
I0IWXG|10|
I1I7BC|10|
I2860S|10|
I2G8DU|10|
I30UMU|10|
I3JRIS|10|
I48TLV|10|
I5N8HR|10|
I5OW7A|10|
I5TOC5|10|
I6QZRP|10|
I7MC0Y|10|
I8MV53|10|
I92D0Z|10|
I9RQJL|10|
IAOQKT|10|
ICECAG|10|
ICLCH5|10|
ICN52B|10|
IF0JFZ|10|
IFN68H|10|
IFY4H7|10|
IGFHY0|10|
IGKYX4|10|
IGPE0N|10|
IH6OPR|10|
IHE59C|10|
IJEANG|10|
IJQ9XP|10|
IJR9LN|10|
IJTES0|10|
IKCKUF|10|
IKI0V5|10|
IKULOR|10|
IKWPAR|10|
IL1DDX|10|
ILJ77B|10|
IM43NG|10|
IM5IHF|10|
IMB0CM|10|
IMK9C3|10|
IMX5NS|10|
INAIBY|10|
INYKLV|10|
IODZ42|10|
IPHPK9|10|
IPNMF1|10|
IQ007G|10|
IQ93VR|10|
IQWKMV|10|
IRIQSY|10|
IRNVWJ|10|
IRP1XS|10|
IS60L6|10|
ISXVKV|10|
IT36QZ|10|
IT87B2|10|
IT915H|10|
IT9OHI|10|
ITDOJL|10|
ITP8KU|10|
ITUNHX|10|
IU6DKX|10|
IUDCGM|10|
IUDXMH|10|
IV1U9O|10|
IVISLV|10|
IW4NSU|10|
IW91LT|10|
IX3FKV|10|
IXC7VQ|10|
IXNDDS|10|
IXQG5X|10|
IY5G48|10|
IYNYCX|10|
IYW5A8|10|
IYXCTY|10|
IZH4HF|10|
J0L9H4|10|
J11UOZ|10|
J18X1A|10|
J1AUC4|10|
J1U4PB|10|
J2FT29|10|
J2ULW9|10|
J39F23|10|
J3G67W|10|
J3O566|10|
J44SMO|10|
J45M0U|10|
J4O41E|10|
J4X53I|10|
J5R45H|10|
J5TBJJ|10|
J72L5H|10|
J7WODK|10|
J9PWZU|10|
JAQYJM|10|
JB2M8L|10|
JBGACY|10|
JBTAC8|10|
JBTBYC|10|
JBVSK5|10|
JBXYJF|10|
JCCSVY|10|
JCF8CE|10|
JD0P51|10|
JD3LVF|10|
JDDVCS|10|
JDW3FZ|10|
JE1RAO|10|
JE6SUA|10|
JEVEYF|10|
JFG85N|10|
JH864R|10|
JH8RV1|10|
JHLB8G|10|
JHYU6Q|10|
JIVB3I|10|
JIY6CD|10|
JJ1UJX|10|
JJFZWJ|10|
JJJ7HS|10|
JJKUOA|10|
JJQH9H|10|
JJTHX7|10|
JKBA21|10|
JKGVXM|10|
JKJOJH|10|
JLGFCO|10|
JLLVO6|10|
JN7R09|10|
JP78LP|10|
JQS68S|10|
JQYI4Z|10|
JR6L14|10|
JR6PO3|10|
JRSHVW|10|
JRVY48|10|
JSWKJ9|10|
JTBJ4T|10|
JTYCI4|10|
JU4DE1|10|
JU5LEA|10|
JU63KT|10|
JUW61Y|10|
JVIYJP|10|
JVJVKL|10|
JW03C2|10|
JX589X|10|
JXMHXZ|10|
JXUXFJ|10|
K00DI2|10|
K0S19D|10|
K0TDR0|10|
K12CV9|10|
K1B353|10|
K1J669|10|
K27BMV|10|
K2FOS8|10|
K311RN|10|
K3YUKC|10|
K46FBP|10|
K4RQ1N|10|
K5KEJN|10|
K5QP0E|10|
K5WYGG|10|
K62PIB|10|
K63CAH|10|
K703RA|10|
K7A4XK|10|
K7NT9Q|10|
K7X23I|10|
K8F9NO|10|
K8LESI|10|
K8LYW7|10|
K8Z6JQ|10|
K94LQX|10|
K9B59X|10|
K9IM26|10|
K9KC2E|10|
K9YBTV|10|
KAQKW7|10|
KB3DCC|10|
KC5SBL|10|
KCX8Z4|10|
KD2SI2|10|
KDL7QE|10|
KE6404|10|
KESQ9M|10|
KF481H|10|
KFHZBT|10|
KG3E73|10|
KI7FDO|10|
KIJT2H|10|
KIO7CL|10|
KIYQER|10|
KJB3YI|10|
KJIWVU|10|
KJM9RY|10|
KJY0SL|10|
KK1NHN|10|
KKSKZQ|10|
KLA8L2|10|
KMBVW3|10|
KN9WQZ|10|
KNMD03|10|
KOUG08|10|
KP0MDM|10|
KP4ZII|10|
KP5CZF|10|
KPATNI|10|
KQ8WAZ|10|
KS1XT8|10|
KS8XHC|10|
KSH62W|10|
KSNU36|10|
KST0BX|10|
KT8Z6A|10|
KUKEAY|10|
KUPG1I|10|
KUSQ09|10|
KUURQC|10|
KVH034|10|
KVK7GV|10|
KW39RH|10|
KWZ3NO|10|
KXX6WM|10|
KZGEYK|10|
KZULX5|10|
L083O6|10|
L0BMT2|10|
L0DI5C|10|
L0P5SV|10|
L13YUH|10|
L1F9GE|10|
L1PC6N|10|
L1VCZ9|10|
L2B9FV|10|
L2BELS|10|
L2CTLW|10|
L2WJMZ|10|
L30TB1|10|
L3JQD9|10|
L3V0D8|10|
L40I5W|10|
L46IKC|10|
L55MKU|10|
L5IYOU|10|
L65X2H|10|
L6LZ8S|10|
L6POUT|10|
L6VWOH|10|
L6W3Z1|10|
L7K36X|10|
L81HA9|10|
L8KQ6O|10|
L8O6C6|10|
L8UEOY|10|
L8V0VC|10|
L9H8B5|10|
L9O9JP|10|
L9PDSB|10|
L9RWPK|10|
L9XB6W|10|
LB22IU|10|
LBP40H|10|
LC1T48|10|
LCKFFF|10|
LCKJ7E|10|
LDJDKM|10|
LDNJKA|10|
LE22H3|10|
LE8DW8|10|
LFBQ8Q|10|
LFZPYM|10|
LH6GMK|10|
LHMGOG|10|
LHXIYW|10|
LI7JQ4|10|
LIAUJ9|10|
LIAWXW|10|
LKCQNH|10|
LKSKA4|10|
LKTST6|10|
LLWE8Q|10|
LM30NW|10|
LM6KHJ|10|
LNPELA|10|
LODG7N|10|
LPI7GR|10|
LQ896R|10|
LQDRIN|10|
LQL5XK|10|
LR12DO|10|
LR27DW|10|
LR2J62|10|
LR7ZAY|10|
LRC3FH|10|
LRE7LG|10|
LRQ7ZE|10|
LRRD01|10|
LS0BAS|10|
LS3ETE|10|
LSA1BU|10|
LSO97L|10|
LSXL19|10|
LSZ8U2|10|
LTDA8G|10|
LTQHKT|10|
LUAFID|10|
LUBXHS|10|
LUCE1A|10|
LV0AVO|10|
LV51K3|10|
LV9CPU|10|
LWPQZX|10|
LWXPJ3|10|
LXM4U2|10|
LXU12Z|10|
LYGE68|10|
LYYMDB|10|
LYZB4P|10|
LZYPAQ|10|
M01QYY|10|
M069E7|10|
M0X55Y|10|
M1EVKH|10|
M1U792|10|
M2DI63|10|
M2Q13A|10|
M2UKJC|10|
M3NRDS|10|
M52VNJ|10|
M5P2SF|10|
M6FNRC|10|
M6LCTZ|10|
M6OTDR|10|
M6S6L7|10|
M8C0ZE|10|
M8DT6E|10|
M8GVOJ|10|
M8KO55|10|
M8LAL2|10|
M8W6G4|10|
M9KMTC|10|
M9UYYO|10|
MAHU9L|10|
MAZA2H|10|
MBFZEE|10|
MF4G3I|10|
MF4MJN|10|
MG3IYQ|10|
MHH791|10|
MHL48N|10|
MHU79J|10|
MHYGY3|10|
MIOBZK|10|
MJ71Y8|10|
MJG4U7|10|
MJI4L6|10|
MJJNZI|10|
MK3OO3|10|
MK8R8V|10|
MKKGSX|10|
MKLREH|10|
MKSWM8|10|
MKZX0J|10|
ML748N|10|
MLBSMO|10|
MLNF5J|10|
MLY094|10|
MMHAQ1|10|
MN7TQK|10|
MNGDUZ|10|
MO18CM|10|
MO1L0O|10|
MO2IAV|10|
MOGIO2|10|
MON0NW|10|
MOWXQH|10|
MPLY8M|10|
MPPWKX|10|
MR1C9B|10|
MRGRXO|10|
MRO93J|10|
MSL6Y3|10|
MTNLE8|10|
MU7YHX|10|
MW9828|10|
MWCPWT|10|
MWEAI0|10|
MWTRUL|10|
MWW4W9|10|
MXIS5S|10|
MYSCL8|10|
MYZSMI|10|
MZ4TTE|10|
MZZM68|10|
N0NYW8|10|
N1K5GM|10|
N1Y41H|10|
N34L86|10|
N3FLF2|10|
N4RYY0|10|
N4VBMA|10|
N5L6L4|10|
N5MFDE|10|
N640H2|10|
N6PG6M|10|
N6SND0|10|
N82A1Q|10|
N9AP3K|10|
N9I4BW|10|
N9OIT1|10|
NA3S60|10|
NAGFUF|10|
NAW9B4|10|
NAZ6IV|10|
NBBWXQ|10|
NBEG5C|10|
NCCPD0|10|
NCM3J5|10|
ND5I22|10|
NDZCY5|10|
NEY1JG|10|
NEY4PZ|10|
NF09I6|10|
NFK9NQ|10|
NG4C84|10|
NGSLPR|10|
NH2QD2|10|
NHJF9D|10|
NHNFMO|10|
NHSAM3|10|
NIRHHZ|10|
NITQZQ|10|
NIU0UK|10|
NJDSC4|10|
NJGI7L|10|
NJJCH7|10|
NJLOCC|10|
NKFC30|10|
NKJA9X|10|
NMHNX3|10|
NMLUJA|10|
NMS1FP|10|
NNKATJ|10|
NNV9F1|10|
NOWH5F|10|
NPAF3U|10|
NPU6IE|10|
NQSRMG|10|
NR2MHU|10|
NRDLM0|10|
NS5WX0|10|
NSBX3F|10|
NSQCEB|10|
NTCM62|10|
NTP2YY|10|
NTQ8C2|10|
NTZFCQ|10|
NU4C9G|10|
NUFVDL|10|
NV1A1L|10|
NXSYDF|10|
NYLVEI|10|
NYRSMD|10|
NZ0XLO|10|
NZAAAM|10|
NZPBC7|10|
NZTNUT|10|
O01O0H|10|
O0K91T|10|
O0RE4C|10|
O0TZ40|10|
O11ZXY|10|
O19CXB|10|
O1KBD6|10|
O1O4WK|10|
O1Z7U6|10|
O2KJWQ|10|
O3035K|10|
O59IXG|10|
O5D3B5|10|
O5EH7M|10|
O5EI1I|10|
O5FO7T|10|
O5OTBP|10|
O7A8SV|10|
O7EIJQ|10|
O7R81W|10|
O83C7S|10|
OA5KC3|10|
OAND2N|10|
OB46K5|10|
OC7EZE|10|
OC8KEO|10|
OCH6E3|10|
ODHCJU|10|
ODPSTI|10|
ODS11B|10|
OE4EOT|10|
OF0B96|10|
OF3NTD|10|
OFRPP6|10|
OGC0RH|10|
OGIDQW|10|
OH1SWU|10|
OH5DYO|10|
OJ6ZJV|10|
OJ9SRF|10|
OJAJUC|10|
OJETNS|10|
OJFBO6|10|
OJIJTQ|10|
OJQE8T|10|
OJTUBN|10|
OK21UL|10|
OKQPKT|10|
OLAFS6|10|
OM8579|10|
OMLYQM|10|
OMO2TV|10|
ONO7L1|10|
OPIZ66|10|
OPR5M5|10|
OQ0BNP|10|
OQ11AZ|10|
OR1KVH|10|
OS9V16|10|
OT2QQX|10|
OTDFTR|10|
OTLHRA|10|
OTOETN|10|
OTP1JO|10|
OU01J2|10|
OV1T3L|10|
OV7RZ5|10|
OVDBJE|10|
OWE0QX|10|
OXKQYC|10|
OXZCXK|10|
OY37E3|10|
OY5RQ8|10|
OYUAQB|10|
OZZKUZ|10|
P0JLIN|10|
P125RC|10|
P1QGED|10|
P1WQ9X|10|
P2CQ5L|10|
P2GI2M|10|
P2IMRB|10|
P3DZ4T|10|
P3J0MZ|10|
P44ZT9|10|
P4C5XT|10|
P4P8PW|10|
P56EPH|10|
P6666C|10|
P6M3HA|10|
P7W6KV|10|
P8L84B|10|
P9KCZU|10|
PAJW43|10|
PAT2C1|10|
PAVNUQ|10|
PAZ6G2|10|
PBTXOG|10|
PBXUR9|10|
PCKO7F|10|
PE9IEY|10|
PEMYHM|10|
PEPY9S|10|
PFBCK5|10|
PFUQ49|10|
PG46I9|10|
PGCTJ2|10|
PH4MZX|10|
PI2FW6|10|
PIHFND|10|
PJJOX2|10|
PKDNPN|10|
PKG05H|10|
PKKQXK|10|
PL1LMZ|10|
PL5WBR|10|
PLIMN8|10|
PLVUHG|10|
PM3BID|10|
PMBBMR|10|
PMG9RG|10|
PN8LLW|10|
PNH3EE|10|
PNO9L8|10|
PODRF6|10|
PON15N|10|
POTQ3M|10|
PPANCG|10|
PPZFRU|10|
PR4069|10|
PS5N6B|10|
PT2V9Y|10|
PT4XP6|10|
PTDZ5S|10|
PTIEXH|10|
PTV7O9|10|
PUADIK|10|
PUG888|10|
PUHN5I|10|
PV00BF|10|
PVJY57|10|
PVLOBZ|10|
PVYU4Q|10|
PW4H5Y|10|
PW6Q3J|10|
PW7UKS|10|
PXYFAW|10|
PY3RPR|10|
PYD2NC|10|
PYEQAQ|10|
PYM6MC|10|
PYP6GU|10|
PYRVY1|10|
PYY921|10|
PZHR0G|10|
PZVQMP|10|
Q0FS6E|10|
Q0WMLX|10|
Q0ZW6O|10|
Q18G6D|10|
Q1BOIT|10|
Q1FZAF|10|
Q1IX71|10|
Q1L3XK|10|
Q1Q7LH|10|
Q2EE85|10|
Q2P2UX|10|
Q37TX1|10|
Q3UBUQ|10|
Q4DDXF|10|
Q5441O|10|
Q5YO8I|10|
Q60MB9|10|
Q60ZS0|10|
Q6GOVR|10|
Q6KA0A|10|
Q874MU|10|
Q99TEG|10|
Q9ZSZO|10|
QA4Q13|10|
QA6ZDM|10|
QAQ3SZ|10|
QB1PXQ|10|
QC2CRP|10|
QDEJEH|10|
QDH7UC|10|
QDLWLH|10|
QDMT8B|10|
QEI9ZR|10|
QEJ73A|10|
QF3ALD|10|
QF48Z5|10|
QGEB39|10|
QHHXFW|10|
QI2ANK|10|
QI2S7X|10|
QI6CYG|10|
QIIYVL|10|
QIO132|10|
QKYZKX|10|
QLG0VR|10|
QLGO18|10|
QLJBH4|10|
QM6DGG|10|
QMADPY|10|
QN27CD|10|
QOGL8D|10|
QOLHZQ|10|
QP44LF|10|
QR4M1Z|10|
QS2BEW|10|
QSVYRL|10|
QTE9EE|10|
QTQ4JZ|10|
QU6KL2|10|
QV35RQ|10|
QVNZ9K|10|
QVUP39|10|
QWQ27V|10|
QWXURH|10|
QX642U|10|
QXK6RD|10|
QXOICC|10|
QYKCON|10|
QYNT3P|10|
QZ9M0B|10|
QZKC0F|10|
QZUO4G|10|
QZUZJ5|10|
R0G86O|10|
R0O7CG|10|
R0OVB6|10|
R0SE4B|10|
R0T9NM|10|
R14E4W|10|
R16XKK|10|
R1HGPR|10|
R25P1Q|10|
R2BYHR|10|
R2IOIR|10|
R2LY5G|10|
R2MBLB|10|
R36LK4|10|
R3VNEL|10|
R43YT0|10|
R451RH|10|
R4NZS2|10|
R4ZBRJ|10|
R54ZZ5|10|
R5NP0X|10|
R5UQET|10|
R61U06|10|
R6H6J0|10|
R72X5B|10|
R736Z2|10|
R7FVHG|10|
R7NGRV|10|
R7W3YY|10|
R8A17W|10|
R8AQXN|10|
R8FF31|10|
R8KW8J|10|
R9F1F5|10|
RANPCX|10|
RBJ40U|10|
RBV99D|10|
RC7EUI|10|
RCE3IJ|10|
RCI16A|10|
RCUPQ5|10|
RD1TGC|10|
RD4N39|10|
RDIF9T|10|
RDK336|10|
RDZP01|10|
REWMUE|10|
RFRNID|10|
RGCET7|10|
RHHT3J|10|
RHVJU6|10|
RI43KW|10|
RJRSCC|10|
RJUDUW|10|
RK3LQL|10|
RK3SOW|10|
RK6MIC|10|
RKCJ9Q|10|
RKQKWJ|10|
RL251F|10|
RLAYDD|10|
RLEW8N|10|
RM01V1|10|
RM1YZD|10|
RN4ORJ|10|
RN6192|10|
RN8GLZ|10|
RND12H|10|
RO8YH7|10|
ROUMLE|10|
RP0OT9|10|
RP2363|10|
RPB7AT|10|
RPQ6TD|10|
RPVUB6|10|
RQ6J9L|10|
RQO3KD|10|
RSD7DE|10|
RSGAWR|10|
RSIVV3|10|
RU1DV9|10|
RU79BJ|10|
RUJ3R9|10|
RVEEKF|10|
RW0ZK7|10|
RW40IW|10|
RWVO0Q|10|
RX3YS8|10|
RXVCSR|10|
RZ31HN|10|
RZF5V8|10|
RZSXS6|10|
S01M7S|10|
S0KU7H|10|
S0YOD3|10|
S1625B|10|
S1EG79|10|
S1IV1U|10|
S23RDW|10|
S2GLOX|10|
S2MGJZ|10|
S2Q0A9|10|
S2UOAZ|10|
S2V9GJ|10|
S2VVEV|10|
S36ATA|10|
S3AWN8|10|
S3T514|10|
S42PTS|10|
S4E7BR|10|
S4F9F4|10|
S4MT1F|10|
S58F5U|10|
S599M5|10|
S5EKHG|10|
S6L6Y8|10|
S73XFW|10|
S98ORQ|10|
S992RS|10|
S9DHER|10|
S9M68K|10|
S9RBEL|10|
S9ZD5M|10|
SAHY24|10|
SB0JBK|10|
SBRSYI|10|
SBSK5V|10|
SC5JPY|10|
SDHO9O|10|
SEFI13|10|
SFBTE4|10|
SFBV80|10|
SGELXE|10|
SGT2GK|10|
SHS2Y9|10|
SHVWPC|10|
SIR26N|10|
SJ42CN|10|
SJG9DM|10|
SKTNEY|10|
SKU46V|10|
SKZSCL|10|
SLA4M7|10|
SLE7ES|10|
SM74L5|10|
SMAKPQ|10|
SMYY1A|10|
SN26EP|10|
SNC1GO|10|
SNRRDC|10|
SONG1C|10|
SP0NGN|10|
SP97AI|10|
SQH3FS|10|
SQNLNZ|10|
SQST0Y|10|
SQT9EZ|10|
SRNJMT|10|
SRUFC1|10|
SS4KPC|10|
SSDTTN|10|
SSMOE6|10|
SSZGRQ|10|
ST46OU|10|
STMQHB|10|
SUXO6R|10|
SV2ZRV|10|
SVF2CL|10|
SVOS8C|10|
SVQAOO|10|
SVYLNI|10|
SW6Q6C|10|
SWBD24|10|
SWJ8YR|10|
SWPRDY|10|
SX0OIY|10|
SX7WIQ|10|
SY6UKV|10|
SYJ13O|10|
SYP9PY|10|
SYVVSW|10|
SZOKBG|10|
SZP0V7|10|
T0IXDK|10|
T0W6YY|10|
T0ZOCZ|10|
T10Z6F|10|
T15I0F|10|
T232E1|10|
T2QO6O|10|
T36X1B|10|
T3FXV0|10|
T4CJXO|10|
T4EBNI|10|
T4O28A|10|
T4YTOO|10|
T5L3AK|10|
T5LII5|10|
T5ROJE|10|
T6HD7L|10|
T76WV2|10|
T7FBVW|10|
T7KOO1|10|
T7RD75|10|
T8PY0F|10|
T8SLVO|10|
T9EE13|10|
TA5CIZ|10|
TA6SG4|10|
TANNQQ|10|
TB3YDQ|10|
TB9UU9|10|
TBBIOV|10|
TBT21K|10|
TC0D4A|10|
TCYLTD|10|
TDAX54|10|
TDM11Z|10|
TDPLXS|10|
TE4L24|10|
TEJLCZ|10|
TFIEOG|10|
TFKTPY|10|
TGNMT4|10|
TGQI7G|10|
TGU6UD|10|
THH798|10|
TIH365|10|
TJ10L2|10|
TL0J90|10|
TL546V|10|
TL6CEA|10|
TM3B0V|10|
TM9BD6|10|
TMH6V3|10|
TMMNJP|10|
TN7PN5|10|
TNTZPR|10|
TNUL8K|10|
TONS6T|10|
TPIPTU|10|
TRJSGR|10|
TRV07F|10|
TS2GNT|10|
TSKKVD|10|
TSL32Y|10|
TTAKWA|10|
TTL5X7|10|
TTXYHT|10|
TW6R9K|10|
TWCSJS|10|
TX5HG0|10|
TXAY4J|10|
TXE1XF|10|
TXNP62|10|
TYI3NZ|10|
TYYW3M|10|
U053NJ|10|
U075N6|10|
U0B9HL|10|
U1E7ST|10|
U1F7EX|10|
U3MDFQ|10|
U4CIEH|10|
U4MSNK|10|
U4N1CB|10|
U4UNI8|10|
U56MWY|10|
U57WAF|10|
U592XE|10|
U5UN0F|10|
U5ZW2X|10|
U63DC1|10|
U660G5|10|
U6PJ74|10|
U77DYT|10|
U7GX5L|10|
U7VYLQ|10|
U86LWY|10|
U8BQM1|10|
U8HK4P|10|
U8W02X|10|
U96YZ6|10|
U9BKVK|10|
U9LWWO|10|
U9SC7W|10|
UAG5MV|10|
UBDIIV|10|
UC6T8F|10|
UD814W|10|
UDL27R|10|
UDW15V|10|
UEPERT|10|
UEU4LA|10|
UEVKEJ|10|
UFFXDG|10|
UG19JQ|10|
UGE0LP|10|
UGL2NJ|10|
UGVZQ4|10|
UHDIL9|10|
UHFNAT|10|
UIY837|10|
UJAQBM|10|
UJHGZO|10|
UJHT25|10|
UJVCPH|10|
UJVZ8C|10|
UJYUGE|10|
UK8KUF|10|
UKLZEQ|10|
ULOZZO|10|
UMXCDH|10|
UN6JDA|10|
UN6WUW|10|
UNSYUX|10|
UOKIN3|10|
UONOSQ|10|
UOYH29|10|
UPSB8X|10|
UQ6EJ4|10|
UQASRU|10|
UQH3WE|10|
UQI9GU|10|
UQRL4Z|10|
UQVOJT|10|
URDI7B|10|
US6ZM9|10|
US85DF|10|
USZH3D|10|
UT95N8|10|
UTZ3WG|10|
UU6SA1|10|
UU7DPE|10|
UUPIIH|10|
UVH8HA|10|
UVTU5I|10|
UVU32E|10|
UW8LMQ|10|
UWHO5M|10|
UWMEQA|10|
UWO5P6|10|
UX4IOT|10|
UXD7UM|10|
UYD904|10|
UZLN8X|10|
UZTCU1|10|
UZYSFD|10|
V0LEIA|10|
V0UJGY|10|
V1105W|10|
V1D69A|10|
V1KQN7|10|
V1PS2K|10|
V1V39R|10|
V2RLYF|10|
V2UMC5|10|
V3NAC6|10|
V3TNIU|10|
V3Z0CE|10|
V4KXRC|10|
V55N1A|10|
V5C40Z|10|
V7WCH4|10|
V85QCY|10|
V8DW35|10|
V8HZXA|10|
V8LCJ8|10|
V95CCZ|10|
V98ZZV|10|
V9IFY7|10|
VA49CH|10|
VA80TW|10|
VAD24U|10|
VATVRC|10|
VB561W|10|
VBNUGM|10|
VC5JRE|10|
VCFI0I|10|
VCM4BN|10|
VCVD2W|10|
VD7EG9|10|
VDFYX5|10|
VDM6ZE|10|
VEB1BU|10|
VEM16W|10|
VF3BQQ|10|
VGNJ5L|10|
VH4M0R|10|
VH9QVQ|10|
VHOQXF|10|
VJSDG0|10|
VKEUX0|10|
VKMZ4L|10|
VL37VE|10|
VLOA6D|10|
VN1SKT|10|
VNB9B5|10|
VNG8A9|10|
VNQ3SH|10|
VNRO7B|10|
VOE9PG|10|
VOV085|10|
VPB2JJ|10|
VPHPEP|10|
VQB9PU|10|
VR3D8E|10|
VRHRH0|10|
VS5IVP|10|
VSCT5D|10|
VTLB8A|10|
VUPMO2|10|
VVD8HJ|10|
VVFHSD|10|
VVSXXT|10|
VVU61J|10|
VVVFRL|10|
VVYNRE|10|
VWOY6K|10|
VWZUQK|10|
VYABWS|10|
VYRVHI|10|
VYZ296|10|
W01LRF|10|
W0KOAT|10|
W0KSJA|10|
W0RXHZ|10|
W0TR03|10|
W18QUM|10|
W1ZFJK|10|
W29RX7|10|
W2IAHX|10|
W2V3XW|10|
W3NCNR|10|
W3XHMB|10|
W4EK1J|10|
W4P6GP|10|
W4X2NE|10|
W527OD|10|
W5L6Q6|10|
W5QLZ8|10|
W6NJYK|10|
W6T8XF|10|
W6ZAOG|10|
W7RJEE|10|
W7ZVA3|10|
W8AEOD|10|
W8PFSH|10|
W90HK3|10|
W9A0WR|10|
WA2DM0|10|
WAAM6R|10|
WAHZSO|10|
WAN0MM|10|
WAZGEZ|10|
WB6LGB|10|
WCB445|10|
WCMJIZ|10|
WCRLAW|10|
WCTZ2J|10|
WDTHPD|10|
WE0E8K|10|
WE6MFA|10|
WELF64|10|
WEQPSF|10|
WFLU6V|10|
WGCPOP|10|
WGX4U6|10|
WIM0AG|10|
WIQ0U1|10|
WIYB43|10|
WJE1RY|10|
WJKIQN|10|
WKGNU2|10|
WKS8VD|10|
WKW95Z|10|
WLV5OL|10|
WM82VC|10|
WMHLHT|10|
WMSIAA|10|
WN1KD2|10|
WNU20N|10|
WOZK1U|10|
WP2BI9|10|
WPXZ52|10|
WPYNA5|10|
WQ9M9P|10|
WR4GBN|10|
WSVWSH|10|
WT5JEH|10|
WTV8SH|10|
WU66XX|10|
WUNIYF|10|
WVDH3N|10|
WVXVIF|10|
WVY4Q0|10|
WX5U26|10|
WXD4VG|10|
WXQTBA|10|
WXV2TR|10|
WYA6H9|10|
WZU30A|10|
X0AOTR|10|
X0Z4Q6|10|
X14YTE|10|
X19PVO|10|
X1QRMT|10|
X25XSH|10|
X2BQTN|10|
X2TT8B|10|
X37NFA|10|
X3AGDA|10|
X3YCNJ|10|
X3YXFJ|10|
X4EKEP|10|
X4W3O0|10|
X51AZX|10|
X549UI|10|
X5DDJW|10|
X5DXTJ|10|
X5J9RB|10|
X5NSLJ|10|
X62WY0|10|
X64FC5|10|
X682XR|10|
X6YKXK|10|
X7MS3R|10|
X7MVRR|10|
X8GWMR|10|
X9FUYD|10|
X9NGSU|10|
X9S9GR|10|
XAPMBQ|10|
XBCQN1|10|
XCCDJM|10|
XDE0PW|10|
XDQ79Z|10|
XDQSDO|10|
XDXG9N|10|
XE061I|10|
XEZ9TP|10|
XFBNHZ|10|
XFYPHM|10|
XGGFG7|10|
XGHC16|10|
XGU7XL|10|
XH3A3M|10|
XHSXD9|10|
XHXCC2|10|
XI723M|10|
XIJOS1|10|
XIJTUH|10|
XIY8BK|10|
XIYZ0U|10|
XJGO1B|10|
XJK5RN|10|
XJZCE2|10|
XK7XAB|10|
XKUWDW|10|
XLTLBE|10|
XNLZC9|10|
XOMQ14|10|
XORRFM|10|
XP2BGB|10|
XPRNVE|10|
XPZIST|10|
XQC10B|10|
XRE53B|10|
XRKLR6|10|
XRROB6|10|
XRW77V|10|
XSED8Y|10|
XSF2JL|10|
XT6TNO|10|
XUESG6|10|
XVER1J|10|
XWFYP1|10|
XWG887|10|
XWHWRU|10|
XWPTPB|10|
XX0GIV|10|
XXKZTT|10|
XXPDF3|10|
XXQNE5|10|
XXV066|10|
XY23L5|10|
XY77K2|10|
XYKZ3O|10|
XYR5LV|10|
XYUQDY|10|
XZ8ND8|10|
XZCHP8|10|
Y006ZS|10|
Y0M22U|10|
Y16U31|10|
Y184FT|10|
Y1XEQR|10|
Y1Z0T3|10|
Y29PDA|10|
Y2OX5J|10|
Y41FB0|10|
Y51VEG|10|
Y556PI|10|
Y58VFG|10|
Y5YMMB|10|
Y61SXJ|10|
Y6452Z|10|
Y688VG|10|
Y6NVUW|10|
Y7MIJM|10|
Y7PN9J|10|
Y7PQE3|10|
Y7X2XL|10|
Y88147|10|
Y88659|10|
Y890WE|10|
Y8KV4W|10|
Y8MYBS|10|
Y97DZS|10|
Y9B25A|10|
Y9BY0N|10|
Y9R0HY|10|
Y9WP8G|10|
YA06QU|10|
YB9WL3|10|
YBZU6T|10|
YCW36U|10|
YDXWJD|10|
YEBNKV|10|
YEDL8U|10|
YEPE3O|10|
YHELPZ|10|
YI44KY|10|
YI5N0Q|10|
YIPK36|10|
YJ1E51|10|
YJ2LOB|10|
YJ6U3U|10|
YJ7XFQ|10|
YK4RIV|10|
YKP11U|10|
YM9WQK|10|
YMC0UY|10|
YMJD7Y|10|
YN33HB|10|
YN58PB|10|
YNVWNY|10|
YOHXGR|10|
YOIMS8|10|
YOKV22|10|
YOP19W|10|
YP0PIS|10|
YPNQD2|10|
YPPI1B|10|
YQCOYL|10|
YQCZTU|10|
YQIC1E|10|
YRAZE5|10|
YRDUKP|10|
YRHSW3|10|
YS4SYW|10|
YT2UOK|10|
YTSPL6|10|
YTUOHQ|10|
YUA1S6|10|
YURDOW|10|
YURUZM|10|
YVC2UA|10|
YWNO40|10|
YWZLZE|10|
YX2SAU|10|
YXSUZ2|10|
YY7FYR|10|
YYI5QX|10|
YYMHNF|10|
Z01JNM|10|
Z0DS6X|10|
Z0FMWA|10|
Z0TAJH|10|
Z1I2N9|10|
Z1I5J9|10|
Z1K5VU|10|
Z1NC0S|10|
Z1SK4E|10|
Z22WMZ|10|
Z26A8A|10|
Z2M3N3|10|
Z2R3MG|10|
Z2SH1I|10|
Z2W4GR|10|
Z58022|10|
Z5IRDW|10|
Z5R9B7|10|
Z642UD|10|
Z69UXV|10|
Z6B7HK|10|
Z6N6AB|10|
Z88WLA|10|
Z994IZ|10|
Z9BXAD|10|
Z9CVGD|10|
Z9KCU4|10|
Z9QAZG|10|
Z9RZOF|10|
ZB28X5|10|
ZB7X2C|10|
ZBNAJG|10|
ZBWMSQ|10|
ZBYO6D|10|
ZCD3JT|10|
ZD7GVZ|10|
ZDPPYN|10|
ZDQGPS|10|
ZF96HE|10|
ZFD7UT|10|
ZGIVS0|10|
ZHAS8G|10|
ZHDHLF|10|
ZI1B6F|10|
ZIIBMH|10|
ZIK746|10|
ZIQOM3|10|
ZJ7Q9S|10|
ZJ8GJZ|10|
ZJWD7Q|10|
ZK33GB|10|
ZKI39F|10|
ZL4IM1|10|
ZLUODI|10|
ZMAJYD|10|
ZN08DI|10|
ZN5AX3|10|
ZNCE7J|10|
ZNES53|10|
ZNIRET|10|
ZNJHGG|10|
ZOF43V|10|
ZOSFX4|10|
ZQORXA|10|
ZQYDZ6|10|
ZR8MM9|10|
ZSPC97|10|
ZSSV0V|10|
ZSY7YV|10|
ZTLDF0|10|
ZTZ3JF|10|
ZU7FB9|10|
ZUK1VH|10|
ZV0NKN|10|
ZW5I20|10|
ZW81L8|10|
ZWS8QV|10|
ZWZXE2|10|
ZXJSOE|10|
ZYNTSQ|10|
ZZCB4P|10|
ZZJOF6|10|
ZZK3E7|10|
ZZZRSQ|10|
