uuid|id|name|uuid_shop|
d14c8f7f-bd04-11e9-90f2-7085c281e0ea|ЦБ-000009|Ремонт (Казань, Проспект Победы, 33)|513386ae-b62c-11e6-7a31-d0fd004a3a26|
e59efeb1-bd04-11e9-90f2-7085c281e0ea|ЦБ-000010|Казань Брак (Новый)|052c460c-d55f-11e9-90fb-7085c281e0ea|
fbc11b6b-bd04-11e9-90f2-7085c281e0ea|ЦБ-000011|Казань Временный Интернет магазин (Новый)|052c460c-d55f-11e9-90fb-7085c281e0ea|
5bdeddc9-bd05-11e9-90f2-7085c281e0ea|ЦБ-000012|Зал продаж (Казань, Декабристов, 8)|96a1b993-c08a-11e7-7a69-971100038e88|
68696aba-bd05-11e9-90f2-7085c281e0ea|ЦБ-000013|Склад (Казань, Декабристов, 8)|96a1b993-c08a-11e7-7a69-971100038e88|
6f626f2f-bd06-11e9-90f2-7085c281e0ea|ЦБ-000019|Зал продаж (Казань, Проспект Победы, 33)|513386ae-b62c-11e6-7a31-d0fd004a3a26|
79fe36b3-bd06-11e9-90f2-7085c281e0ea|ЦБ-000020|Склад (Казань, Проспект Победы, 33)|513386ae-b62c-11e6-7a31-d0fd004a3a26|
94f64dfa-bd06-11e9-90f2-7085c281e0ea|ЦБ-000022|Сезонное хранение (Казань, Проспект Победы, 33)|513386ae-b62c-11e6-7a31-d0fd004a3a26|
a37c4104-bd06-11e9-90f2-7085c281e0ea|ЦБ-000023|Сезонное хранение (Казань, Декабристов, 8)|96a1b993-c08a-11e7-7a69-971100038e88|
be0f8f56-bd06-11e9-90f2-7085c281e0ea|ЦБ-000025|Киргизия (Новый)|052c460c-d55f-11e9-90fb-7085c281e0ea|
cf2a12ab-bd06-11e9-90f2-7085c281e0ea|ЦБ-000026|ЦС Китай|052c460c-d55f-11e9-90fb-7085c281e0ea|
efdfe9cb-bd06-11e9-90f2-7085c281e0ea|ЦБ-000028|Москва (Новый)|052c460c-d55f-11e9-90fb-7085c281e0ea|
843674d9-bd07-11e9-90f2-7085c281e0ea|ЦБ-000031|ЦС Брак|052c460c-d55f-11e9-90fb-7085c281e0ea|
8ec76a59-bd07-11e9-90f2-7085c281e0ea|ЦБ-000032|ЦС Ремонт|052c460c-d55f-11e9-90fb-7085c281e0ea|
9b3e6dcc-bd07-11e9-90f2-7085c281e0ea|ЦБ-000033|Зал (Долгоруковская, 40)|547b8208-c5c0-11e9-90f7-7085c281e0ea|
b19cd9a4-bd07-11e9-90f2-7085c281e0ea|ЦБ-000035|Мск Контент склад (Новый)|052c460c-d55f-11e9-90fb-7085c281e0ea|
d6998fea-bd07-11e9-90f2-7085c281e0ea|ЦБ-000038|Мск на фотосессии (Новый)|052c460c-d55f-11e9-90fb-7085c281e0ea|
ee561937-bd07-11e9-90f2-7085c281e0ea|ЦБ-000040|Мск ритейл городской (Новый)|052c460c-d55f-11e9-90fb-7085c281e0ea|
f9463ca0-bd07-11e9-90f2-7085c281e0ea|ЦБ-000041|Мск Сезонное хранение(Новый)|052c460c-d55f-11e9-90fb-7085c281e0ea|
0302f356-bd08-11e9-90f2-7085c281e0ea|ЦБ-000042|Мск склад Новослободская|547b8208-c5c0-11e9-90f7-7085c281e0ea|
0dfe6e69-bd08-11e9-90f2-7085c281e0ea|ЦБ-000043|Центральный склад|052c460c-d55f-11e9-90fb-7085c281e0ea|
1a51a1d2-bd08-11e9-90f2-7085c281e0ea|ЦБ-000044|Мск Беговая|052c460c-d55f-11e9-90fb-7085c281e0ea|
6dd136c8-bd08-11e9-90f2-7085c281e0ea|ЦБ-000051|списание|052c460c-d55f-11e9-90fb-7085c281e0ea|
685f5133-bd09-11e9-90f2-7085c281e0ea|ЦБ-000057|Транзит Киргизия - Москва|052c460c-d55f-11e9-90fb-7085c281e0ea|
7451419e-bd09-11e9-90f2-7085c281e0ea|ЦБ-000058|Транзит Китай-Москва (Новый)|052c460c-d55f-11e9-90fb-7085c281e0ea|
949fbb84-bd09-11e9-90f2-7085c281e0ea|ЦБ-000061|Уценка (Казань, Проспект Победы, 33)|513386ae-b62c-11e6-7a31-d0fd004a3a26|
9eb6a9f9-bd09-11e9-90f2-7085c281e0ea|ЦБ-000062|фотосессия|052c460c-d55f-11e9-90fb-7085c281e0ea|
8164fe85-dec4-11e9-90fc-7085c281e0ea|ЦБ-000076|Склад списания|052c460c-d55f-11e9-90fb-7085c281e0ea|
dfbc9bdd-f00a-11e9-9101-7085c281e0ea|ЦБ-000078|Ремонт (Казань, Декабристов, 8)|96a1b993-c08a-11e7-7a69-971100038e88|
a94e1486-f01c-11e9-9101-7085c281e0ea|ЦБ-000079|Брак (Москва, Долгоруковская, 40)|547b8208-c5c0-11e9-90f7-7085c281e0ea|
c8052154-f01c-11e9-9101-7085c281e0ea|ЦБ-000080|Сезон Хранение (Москва, Долгоруковская, 40)|547b8208-c5c0-11e9-90f7-7085c281e0ea|
e216768a-f01c-11e9-9101-7085c281e0ea|ЦБ-000081|Ремонт (Москва, Долгоруковская, 40)|547b8208-c5c0-11e9-90f7-7085c281e0ea|
440aeec0-f4c9-11e9-9102-7085c281e0ea|ЦБ-000082|Москва - Ритейл - Новослободская|052c460c-d55f-11e9-90fb-7085c281e0ea|
21092226-f8b7-11e9-9102-7085c281e0ea|ЦБ-000083|Транзит Казань - Москва (Новый)|052c460c-d55f-11e9-90fb-7085c281e0ea|
5b391ddf-14e0-11ea-9103-7085c281e0ea|ЦБ-000084|Склад (Интернет магазин)|5b391dde-14e0-11ea-9103-7085c281e0ea|
fd6abd14-14e3-11ea-9103-7085c281e0ea|ЦБ-000086|Склад Ташпулатова|fd6abd13-14e3-11ea-9103-7085c281e0ea|
29b67f7d-14e4-11ea-9103-7085c281e0ea|ЦБ-000087|Самовывоз Новослободская|fd6abd13-14e3-11ea-9103-7085c281e0ea|
978993f1-57f9-11ea-9105-7085c281e0ea|ЦБ-000090|Транзит ЦС - Долгоруковская, 40|547b8208-c5c0-11e9-90f7-7085c281e0ea|
a4f0ec8d-57f9-11ea-9105-7085c281e0ea|ЦБ-000091|Транзит Новослободская - Москва|052c460c-d55f-11e9-90fb-7085c281e0ea|
794eb16e-5d14-11ea-9105-7085c281e0ea|ЦБ-000092|Зал продаж - обувь (Казань, Декабристов, 8)|96a1b993-c08a-11e7-7a69-971100038e88|
e807ff0c-5de5-11ea-9105-7085c281e0ea|ЦБ-000093|Зал продаж - обувь (Казань, Проспект Победы, 33)|513386ae-b62c-11e6-7a31-d0fd004a3a26|
0897c44a-69fe-11ea-9106-7085c281e0ea|ЦБ-000103|Зал продаж (Интернет магазин)|5b391dde-14e0-11ea-9103-7085c281e0ea|
c91b2f86-6cb5-11ea-9106-7085c281e0ea|ЦБ-000104|Доставка с примеркой|5b391dde-14e0-11ea-9103-7085c281e0ea|
ddd66d84-6cb5-11ea-9106-7085c281e0ea|ЦБ-000105|Возврат доставки с примеркой|5b391dde-14e0-11ea-9103-7085c281e0ea|
95d55a9d-9105-11ea-9107-7085c281e0ea|ЦБ-000106|Брак (Интернет магазин)|5b391dde-14e0-11ea-9103-7085c281e0ea|
5832b018-9110-11ea-9107-7085c281e0ea|ЦБ-000107|Стирка (Интернет магазин)|5b391dde-14e0-11ea-9103-7085c281e0ea|
8aed0b3a-9110-11ea-9107-7085c281e0ea|ЦБ-000108|Ремонт (Интернет магазин)|5b391dde-14e0-11ea-9103-7085c281e0ea|
048d5895-95c6-11ea-9107-7085c281e0ea|ЦБ-000109|Склад Лето Сезон Хран(Казань, Проспект Победы, 33)|513386ae-b62c-11e6-7a31-d0fd004a3a26|
12214b1c-95c6-11ea-9107-7085c281e0ea|ЦБ-000110|Склад Лето Сезон Хран(Казань, Декабристов, 8)|96a1b993-c08a-11e7-7a69-971100038e88|
63e5e899-bf6e-11ea-9107-7085c281e0ea|ЦБ-000111|Транзит Москва - ИМ|5b391dde-14e0-11ea-9103-7085c281e0ea|
31b111e8-c049-11ea-9107-7085c281e0ea|ЦБ-000112|Транзит ИМ - Москва|052c460c-d55f-11e9-90fb-7085c281e0ea|
2dbb10d8-c28e-11ea-9107-7085c281e0ea|ЦБ-000113|Стирка (Долгоруковская, 40)|547b8208-c5c0-11e9-90f7-7085c281e0ea|
f35be325-cbf4-11ea-9109-7085c281e0ea|ЦБ-000114|Стирка (Казань, Проспект Победы, 33)|513386ae-b62c-11e6-7a31-d0fd004a3a26|
1767951f-cbf5-11ea-9109-7085c281e0ea|ЦБ-000115|Стирка (У подрядчика)|513386ae-b62c-11e6-7a31-d0fd004a3a26|
3761320f-cbf5-11ea-9109-7085c281e0ea|ЦБ-000116|Стирка (Казань, Декабристов, 8)|96a1b993-c08a-11e7-7a69-971100038e88|
626f24b1-d710-11ea-9109-7085c281e0ea|ЦБ-000117|Фотосессия2|052c460c-d55f-11e9-90fb-7085c281e0ea|
0419ada4-e2c5-11ea-910d-7085c281e0ea|ЦБ-000118|Склад (wildberries)|0419ada3-e2c5-11ea-910d-7085c281e0ea|
d1e5af9b-f657-11ea-910d-7085c281e0ea|ЦБ-000120|Склад Sale (центральный склад)|052c460c-d55f-11e9-90fb-7085c281e0ea|
4e6d5c54-fcd0-11ea-910d-7085c281e0ea|ЦБ-000121|Склад "Единички" (Казань, Проспект Победы, 33)|513386ae-b62c-11e6-7a31-d0fd004a3a26|
57088913-2295-11eb-910f-7085c281e0ea|ЦБ-000122|Товары для Киевской|052c460c-d55f-11e9-90fb-7085c281e0ea|
82be1062-22a4-11eb-910f-7085c281e0ea|ЦБ-000123|Склад (Большая Дорогомиловская, 8)|82be1061-22a4-11eb-910f-7085c281e0ea|
82be1063-22a4-11eb-910f-7085c281e0ea|ЦБ-000124|Зал продаж (Большая Дорогомиловская, 8)|82be1061-22a4-11eb-910f-7085c281e0ea|
452de788-2b39-11eb-910f-7085c281e0ea|ЦБ-000125|Товары для Фурштатская|052c460c-d55f-11e9-90fb-7085c281e0ea|
b7659813-2cce-11eb-910f-7085c281e0ea|ЦБ-000126|Склад "Единички" (Москва, Долгоруковская, 40)|547b8208-c5c0-11e9-90f7-7085c281e0ea|
ee408b4c-2cce-11eb-910f-7085c281e0ea|ЦБ-000127|Склад "Единички" (Казань, Декабристов, 8)|96a1b993-c08a-11e7-7a69-971100038e88|
0059a93a-3139-11eb-9110-7085c281e0ea|ЦБ-000131|Транзит ЦС - Большая Дорогомиловская, 8|82be1061-22a4-11eb-910f-7085c281e0ea|
22580369-3139-11eb-9110-7085c281e0ea|ЦБ-000132|Ремонт (Большая Дорогомиловская, 8)|82be1061-22a4-11eb-910f-7085c281e0ea|
325a7686-3139-11eb-9110-7085c281e0ea|ЦБ-000133|Стирка (Большая Дорогомиловская, 8)|82be1061-22a4-11eb-910f-7085c281e0ea|
3d615d03-3139-11eb-9110-7085c281e0ea|ЦБ-000134|Брак (Большая Дорогомиловская, 8)|82be1061-22a4-11eb-910f-7085c281e0ea|
4a097fb7-3139-11eb-9110-7085c281e0ea|ЦБ-000135|Склад "Единички" (Большая Дорогомиловская, 8)|82be1061-22a4-11eb-910f-7085c281e0ea|
9251523b-3139-11eb-9110-7085c281e0ea|ЦБ-000136|Транзит Дорогомиловская - Москва|052c460c-d55f-11e9-90fb-7085c281e0ea|
86c40265-3890-11eb-9110-7085c281e0ea|ЦБ-000137|Транзит Долгоруковская - Б.Дорогомиловская|82be1061-22a4-11eb-910f-7085c281e0ea|
a311011a-3890-11eb-9110-7085c281e0ea|ЦБ-000138|Транзит Б.Дорогомиловская - Долгоруковская|547b8208-c5c0-11e9-90f7-7085c281e0ea|
3e8d0135-3f8a-11eb-9110-7085c281e0ea|ЦБ-000140|Подсорт "Wildberries"|052c460c-d55f-11e9-90fb-7085c281e0ea|
aeeee09c-4136-11eb-9110-7085c281e0ea|ЦБ-000141|Новая Коллекция (Долгоруковская, 40)|547b8208-c5c0-11e9-90f7-7085c281e0ea|
bfca982e-4136-11eb-9110-7085c281e0ea|ЦБ-000142|Новая Коллекция (Большая Дорогомиловская, 8)|82be1061-22a4-11eb-910f-7085c281e0ea|
d1bafe2c-4136-11eb-9110-7085c281e0ea|ЦБ-000143|Новая Коллекция (Казань, Декабристов, 8)|96a1b993-c08a-11e7-7a69-971100038e88|
e1c10fad-4136-11eb-9110-7085c281e0ea|ЦБ-000144|Новая Коллекция (Казань, Проспект Победы, 33)|513386ae-b62c-11e6-7a31-d0fd004a3a26|
68f5dbe8-5519-11eb-9111-7085c281e0ea|ЦБ-000145|Склад (Спб, Фурштатская, 42)|68f5dbe7-5519-11eb-9111-7085c281e0ea|
68f5dbe9-5519-11eb-9111-7085c281e0ea|ЦБ-000146|Зал продаж (Спб, Фурштатская, 42)|68f5dbe7-5519-11eb-9111-7085c281e0ea|
be4ab747-6177-11eb-9111-7085c281e0ea|ЦБ-000150|Транзит Москва - Питер (Спб, распред.)|be4ab746-6177-11eb-9111-7085c281e0ea|
0cb16a35-6178-11eb-9111-7085c281e0ea|ЦБ-000151|Склад (Спб, распред.)|be4ab746-6177-11eb-9111-7085c281e0ea|
75b1221a-6178-11eb-9111-7085c281e0ea|ЦБ-000152|Транзит Питер - Москва|052c460c-d55f-11e9-90fb-7085c281e0ea|
a1170eb4-6178-11eb-9111-7085c281e0ea|ЦБ-000153|Склад "Единички" (Спб, Фурштатская, 42)|68f5dbe7-5519-11eb-9111-7085c281e0ea|
b29e88b9-6178-11eb-9111-7085c281e0ea|ЦБ-000154|Склад Новая Коллекция (Спб, Фурштатская, 42)|68f5dbe7-5519-11eb-9111-7085c281e0ea|
373f1081-6179-11eb-9111-7085c281e0ea|ЦБ-000155|Ремонт (Спб, Фурштатская, 42)|68f5dbe7-5519-11eb-9111-7085c281e0ea|
62f1fb0f-6179-11eb-9111-7085c281e0ea|ЦБ-000156|Стирка (Спб, Фурштатская, 42)|68f5dbe7-5519-11eb-9111-7085c281e0ea|
692f567f-6179-11eb-9111-7085c281e0ea|ЦБ-000157|Брак (Спб, Фурштатская, 42)|68f5dbe7-5519-11eb-9111-7085c281e0ea|
7e4b34ff-653c-11eb-9111-7085c281e0ea|ЦБ-000158|Склад Sale (Казань, Проспект Победы, 33)|513386ae-b62c-11e6-7a31-d0fd004a3a26|
31f8cf04-7c0c-11eb-9111-7085c281e0ea|ЦБ-000159|Сезон Хранение (Спб, распред.)|be4ab746-6177-11eb-9111-7085c281e0ea|
fdd3b7b8-80dd-11eb-9111-7085c281e0ea|ЦБ-000160|Транзит Питер - Казань|513386ae-b62c-11e6-7a31-d0fd004a3a26|
112ece68-80de-11eb-9111-7085c281e0ea|ЦБ-000161|Транзит Казань - Питер|be4ab746-6177-11eb-9111-7085c281e0ea|
9a4d4d96-96e8-11eb-9112-7085c281e0ea|ЦБ-000162|Склад поступлений (ИП Козлов)|052c460c-d55f-11e9-90fb-7085c281e0ea|
2032d433-a123-11eb-9112-7085c281e0ea|ЦБ-000163|ЦС Киргизия|052c460c-d55f-11e9-90fb-7085c281e0ea|
3e94cb3d-a368-11eb-9112-7085c281e0ea|ЦБ-000164|Склад поступлений (ИП Шестаков)|052c460c-d55f-11e9-90fb-7085c281e0ea|
8096bbcf-c1f7-11eb-9112-7085c281e0ea|ЦБ-000165|Склад Бухгалтерия|052c460c-d55f-11e9-90fb-7085c281e0ea|
04785bff-c465-11eb-9112-7085c281e0ea|ЦБ-000166|Транзит Брак Москва - Казань|513386ae-b62c-11e6-7a31-d0fd004a3a26|
662e965c-ea23-11eb-9112-7085c281e0ea|ЦБ-000167|Склад "Нижний" (Спб, Фурштатская, 42)|68f5dbe7-5519-11eb-9111-7085c281e0ea|
99639b6b-1f8e-11ec-9118-7085c281e0ea|ЦБ-000170|Товары для Таганской|052c460c-d55f-11e9-90fb-7085c281e0ea|
e81b1ad3-282b-11ec-9118-7085c281e0ea|ЦБ-000171|ЦС Новый товар (не распределенный)|052c460c-d55f-11e9-90fb-7085c281e0ea|
a17c5fde-2ceb-11ec-9118-7085c281e0ea|ЦБ-000172|ЦС Консервы|052c460c-d55f-11e9-90fb-7085c281e0ea|
b61238d1-3571-11ec-9118-7085c281e0ea|ЦБ-000173|Склад "Недостачи" (Большая Дорогомиловская, 8)|82be1061-22a4-11eb-910f-7085c281e0ea|
512d1f77-38a4-11ec-9118-7085c281e0ea|ЦБ-000174|ПВЗ (Спб, Фурштатская, 42)|68f5dbe7-5519-11eb-9111-7085c281e0ea|
2210c82a-4c48-11ec-911a-7085c281e0ea|ЦБ-000175|Склад (Москва, Товарищеский, 1)|2210c829-4c48-11ec-911a-7085c281e0ea|
2210c82b-4c48-11ec-911a-7085c281e0ea|ЦБ-000176|Зал продаж (Москва, Товарищеский, 1)|2210c829-4c48-11ec-911a-7085c281e0ea|
9af61f59-4c48-11ec-911a-7085c281e0ea|ЦБ-000178|Транзит ЦС - Товарищеский, 1|2210c829-4c48-11ec-911a-7085c281e0ea|
aee1ee2f-4c48-11ec-911a-7085c281e0ea|ЦБ-000179|Склад "Единички" (Москва, Товарищеский, 1)|2210c829-4c48-11ec-911a-7085c281e0ea|
5f5a4cd2-4c4c-11ec-911a-7085c281e0ea|ЦБ-000180|Ремонт (Москва, Товарищеский, 1)|2210c829-4c48-11ec-911a-7085c281e0ea|
66ffbb31-4c4c-11ec-911a-7085c281e0ea|ЦБ-000181|Стирка (Москва, Товарищеский, 1)|2210c829-4c48-11ec-911a-7085c281e0ea|
72cee66f-4c4c-11ec-911a-7085c281e0ea|ЦБ-000182|Брак (Москва, Товарищеский, 1)|2210c829-4c48-11ec-911a-7085c281e0ea|
7fbf1f90-4c4c-11ec-911a-7085c281e0ea|ЦБ-000183|Склад "Недостачи" (Москва, Товарищеский, 1)|2210c829-4c48-11ec-911a-7085c281e0ea|
8b3d3aaa-4c4c-11ec-911a-7085c281e0ea|ЦБ-000184|Новая коллекция (Москва, Товарищеский, 1)|2210c829-4c48-11ec-911a-7085c281e0ea|
608ecf01-4c6e-11ec-911a-7085c281e0ea|ЦБ-000185|Транзит Товарищеский - Москва|052c460c-d55f-11e9-90fb-7085c281e0ea|
785fb79b-582c-11ec-911a-7085c281e0ea|ЦБ-000186|Склад "Недостачи" (СпБ, Фурштатская)|68f5dbe7-5519-11eb-9111-7085c281e0ea|
954bb234-582c-11ec-911a-7085c281e0ea|ЦБ-000187|Склад "Недостачи" (Москва, Долгоруковская, 40)|547b8208-c5c0-11e9-90f7-7085c281e0ea|
b464b0ee-582c-11ec-911a-7085c281e0ea|ЦБ-000188|Склад "Недостачи" (Казань, Декабристов, 8)|96a1b993-c08a-11e7-7a69-971100038e88|
cacaa8f8-582c-11ec-911a-7085c281e0ea|ЦБ-000189|Склад "Недостачи" (Казань, Проспект Победы, 33)|513386ae-b62c-11e6-7a31-d0fd004a3a26|
6bbc6667-7880-11ec-911e-7085c281e0ea|ЦБ-000190|Транзит Товарищеский - Б.Дорогомиловская|82be1061-22a4-11eb-910f-7085c281e0ea|
8b63cf9c-7880-11ec-911e-7085c281e0ea|ЦБ-000191|Транзит Товарищеский - Долгоруковская|547b8208-c5c0-11e9-90f7-7085c281e0ea|
92628100-7880-11ec-911e-7085c281e0ea|ЦБ-000192|Транзит Б.Дорогомиловская - Товарищеский|2210c829-4c48-11ec-911a-7085c281e0ea|
9d1131f4-7880-11ec-911e-7085c281e0ea|ЦБ-000193|Транзит Долгоруковская - Товарищеский|2210c829-4c48-11ec-911a-7085c281e0ea|
23ccdafc-85c7-11ec-912c-7085c281e0ea|ЦБ-000195|Склад Недостачи (Интернет магазин)|5b391dde-14e0-11ea-9103-7085c281e0ea|
18a4af05-a379-11ec-912f-7085c281e0ea|ЦБ-000196|Зал продаж - Уценка (Казань, Декабристов, 8)|96a1b993-c08a-11e7-7a69-971100038e88|
3a30f64d-a379-11ec-912f-7085c281e0ea|ЦБ-000197|Зал продаж - Уценка (Казань, Проспект Победы, 33)|513386ae-b62c-11e6-7a31-d0fd004a3a26|
ae9d7d56-a9e5-11ec-9132-7085c281e0ea|ЦБ-000198|Отложенные товары (Москва, Товарищеский, 1)|2210c829-4c48-11ec-911a-7085c281e0ea|
5d0b2013-aa95-11ec-9132-7085c281e0ea|ЦБ-000199|Склад поступлений (ИП Яковлев)|052c460c-d55f-11e9-90fb-7085c281e0ea|
832a734b-bf04-11ec-9133-7085c281e0ea|ЦБ-000200|ЦС Образцы|052c460c-d55f-11e9-90fb-7085c281e0ea|
0719d2ec-d5ff-11ec-9134-7085c281e0ea|ЦБ-000201|Сборка "Wildberries"|052c460c-d55f-11e9-90fb-7085c281e0ea|
28cb92f3-dcff-11ec-9134-7085c281e0ea|ЦБ-000202|FBS Wildberries|0419ada3-e2c5-11ea-910d-7085c281e0ea|
7b563238-dcff-11ec-9134-7085c281e0ea|ЦБ-000203|FBS Продажи Wildberries|0419ada3-e2c5-11ea-910d-7085c281e0ea|
4374e5b3-f300-11ec-9136-7085c281e0ea|ЦБ-000204|Транзит Москва - FBS Wildberries|0419ada3-e2c5-11ea-910d-7085c281e0ea|
7c6cd96a-06b9-11ed-913a-7085c281e0ea|ЦБ-000207|FBS Товар без карточек|0419ada3-e2c5-11ea-910d-7085c281e0ea|
5dcced09-0f40-11ed-913a-7085c281e0ea|ЦБ-000209|Склад товаров блогеров|052c460c-d55f-11e9-90fb-7085c281e0ea|
dd59626d-16e6-11ed-913a-7085c281e0ea|ЦБ-000210|Склад Блоггеров|dd59626c-16e6-11ed-913a-7085c281e0ea|
ec2e806c-4bc3-11ed-913f-7085c281e0ea|ЦБ-000212|Транзит ЦС - Казань, Проспект Победы, 33|513386ae-b62c-11e6-7a31-d0fd004a3a26|
26fa593f-4ef4-11ed-913f-7085c281e0ea|ЦБ-000213|Склад (Москва, Новокузнецкая, 39)|26fa593e-4ef4-11ed-913f-7085c281e0ea|
26fa5940-4ef4-11ed-913f-7085c281e0ea|ЦБ-000214|Выставочный зал NEW (Москва, Новокузнецкая, 39)|26fa593e-4ef4-11ed-913f-7085c281e0ea|
77444abe-4ef4-11ed-913f-7085c281e0ea|ЦБ-000215|Зал продаж (Москва, Новокузнецкая, 39)|26fa593e-4ef4-11ed-913f-7085c281e0ea|
d308e007-55d4-11ed-913f-7085c281e0ea|ЦБ-000217|Склад Службы клиентского сервиса|d308e006-55d4-11ed-913f-7085c281e0ea|
805d2fe5-5b46-11ed-913f-7085c281e0ea|ЦБ-000218|Недостача FBS|0419ada3-e2c5-11ea-910d-7085c281e0ea|
65521341-5b77-11ed-913f-7085c281e0ea|ЦБ-000219|Товары для Павелецкой|052c460c-d55f-11e9-90fb-7085c281e0ea|
685c8149-65d3-11ed-913f-7085c281e0ea|ЦБ-000220|FBS Брак|0419ada3-e2c5-11ea-910d-7085c281e0ea|
2123573f-6687-11ed-913f-7085c281e0ea|ЦБ-000221|Недостачи (Москва, Новокузнецкая, 39)|26fa593e-4ef4-11ed-913f-7085c281e0ea|
203e7555-6688-11ed-913f-7085c281e0ea|ЦБ-000222|Операционный склад NEW (Москва, Новокузнецкая, 39)|26fa593e-4ef4-11ed-913f-7085c281e0ea|
213a9f5e-6a30-11ed-913f-7085c281e0ea|ЦБ-000223|Транзит ЦС - Новокузнецкая, 39|26fa593e-4ef4-11ed-913f-7085c281e0ea|
2efb49d2-6a30-11ed-913f-7085c281e0ea|ЦБ-000224|Транзит Павелецкая - Москва|052c460c-d55f-11e9-90fb-7085c281e0ea|
27bb8e3d-6a43-11ed-913f-7085c281e0ea|ЦБ-000225|Стирка (Москва, Новокузнецкая, 39)|26fa593e-4ef4-11ed-913f-7085c281e0ea|
32c6c787-6a43-11ed-913f-7085c281e0ea|ЦБ-000226|Брак (Москва, Новокузнецкая, 39)|26fa593e-4ef4-11ed-913f-7085c281e0ea|
3920731a-6a43-11ed-913f-7085c281e0ea|ЦБ-000227|Ремонт (Москва, Новокузнецкая, 39)|26fa593e-4ef4-11ed-913f-7085c281e0ea|
b396668b-6b42-11ed-913f-7085c281e0ea|ЦБ-000228|Транзит Дорогомиловская - Павелецкая|26fa593e-4ef4-11ed-913f-7085c281e0ea|
55b83ff5-6b43-11ed-913f-7085c281e0ea|ЦБ-000229|Транзит Новослободская - Павелецкая|26fa593e-4ef4-11ed-913f-7085c281e0ea|
66cd3a7a-6b43-11ed-913f-7085c281e0ea|ЦБ-000230|Транзит Таганская - Павелецкая|26fa593e-4ef4-11ed-913f-7085c281e0ea|
80cb9361-6b43-11ed-913f-7085c281e0ea|ЦБ-000231|Транзит Павелецкая - Дорогомиловская|82be1061-22a4-11eb-910f-7085c281e0ea|
a10059cb-6b43-11ed-913f-7085c281e0ea|ЦБ-000232|Транзит Павелецкая - Новослободская|547b8208-c5c0-11e9-90f7-7085c281e0ea|
df1a0666-6b43-11ed-913f-7085c281e0ea|ЦБ-000233|Транзит Павелецкая - Таганская|2210c829-4c48-11ec-911a-7085c281e0ea|
38e05554-6b45-11ed-913f-7085c281e0ea|ЦБ-000234|Склад Новая коллекция (Москва, Новокузнецкая, 39)|26fa593e-4ef4-11ed-913f-7085c281e0ea|
857cfcf2-6fcd-11ed-913f-7085c281e0ea|ЦБ-000235|FBS Списание|0419ada3-e2c5-11ea-910d-7085c281e0ea|
d512e796-7228-11ed-913f-7085c281e0ea|ЦБ-000236|Новая коллекция (Интернет магазин)|5b391dde-14e0-11ea-9103-7085c281e0ea|
94141f91-7a1b-11ed-9140-7085c281e0ea|ЦБ-000237|Склад "Единички" (Москва, Новокузнецкая, 39)|26fa593e-4ef4-11ed-913f-7085c281e0ea|
883847ce-7ad0-11ed-9140-7085c281e0ea|ЦБ-000238|Перешив (Цех)|052c460c-d55f-11e9-90fb-7085c281e0ea|
32c9f999-97f4-11ed-9142-7085c281e0ea|ЦБ-000239|Транзит Проспект - Декабристов|96a1b993-c08a-11e7-7a69-971100038e88|
434b3fb5-97f4-11ed-9142-7085c281e0ea|ЦБ-000240|Транзит Декабристов - Проспект|513386ae-b62c-11e6-7a31-d0fd004a3a26|
51cea093-a712-11ed-9143-7085c281e0ea|ЦБ-000241|Стирка ЭМ|513386ae-b62c-11e6-7a31-d0fd004a3a26|
62a1936a-a712-11ed-9143-7085c281e0ea|ЦБ-000242|Разбор Брака ( Казань, Проспект Победы, 33 )|513386ae-b62c-11e6-7a31-d0fd004a3a26|
71c02bd4-a712-11ed-9143-7085c281e0ea|ЦБ-000243|Транзит Брак Питер - Казань|513386ae-b62c-11e6-7a31-d0fd004a3a26|
85b94fd4-a712-11ed-9143-7085c281e0ea|ЦБ-000244|Брак ( Казань, Проспект Победы, 33 )|513386ae-b62c-11e6-7a31-d0fd004a3a26|
bf23df0d-ad36-11ed-9143-7085c281e0ea|ЦБ-000245|Транзит FBS - Москва|052c460c-d55f-11e9-90fb-7085c281e0ea|
dd04fb55-c81d-11ed-9146-7085c281e0ea|ЦБ-000246|Транзит Таганская - Дорогомиловская|82be1061-22a4-11eb-910f-7085c281e0ea|
19d8fc6b-c81e-11ed-9146-7085c281e0ea|ЦБ-000247|Транзит Таганская - Новослободская|547b8208-c5c0-11e9-90f7-7085c281e0ea|
2c3f1ab2-c81e-11ed-9146-7085c281e0ea|ЦБ-000248|Транзит Дорогомиловская - Товарищеский|2210c829-4c48-11ec-911a-7085c281e0ea|
3f21c56f-c81e-11ed-9146-7085c281e0ea|ЦБ-000249|Транзит Долгоруковская - Таганская|2210c829-4c48-11ec-911a-7085c281e0ea|
722bb4e9-c81e-11ed-9146-7085c281e0ea|ЦБ-000250|Транзит ЦС - Спб, Фурштатская, 42|68f5dbe7-5519-11eb-9111-7085c281e0ea|
98409648-c81e-11ed-9146-7085c281e0ea|ЦБ-000251|Транзит СПБ, Фурштатская, 42 - Москва|052c460c-d55f-11e9-90fb-7085c281e0ea|
d0622c16-c81e-11ed-9146-7085c281e0ea|ЦБ-000252|Транзит ЦС - Казань, Декабристов, 8|96a1b993-c08a-11e7-7a69-971100038e88|
f78df1db-c81e-11ed-9146-7085c281e0ea|ЦБ-000253|Транзит Казань, Декабристов, 8 - Москва|052c460c-d55f-11e9-90fb-7085c281e0ea|
2bc79a30-c81f-11ed-9146-7085c281e0ea|ЦБ-000254|Транзит Казань, Проспект - Питер|68f5dbe7-5519-11eb-9111-7085c281e0ea|
6eba777e-c81f-11ed-9146-7085c281e0ea|ЦБ-000255|Транзит FBS - ИМ|5b391dde-14e0-11ea-9103-7085c281e0ea|
84e600f0-c81f-11ed-9146-7085c281e0ea|ЦБ-000256|Транзит ИМ - FBS|0419ada3-e2c5-11ea-910d-7085c281e0ea|
928cfac6-ccb6-11ed-9146-7085c281e0ea|ЦБ-000257|Сезон Хранение (Спб, Фурштатская, 42)|68f5dbe7-5519-11eb-9111-7085c281e0ea|
ed474b65-ccb9-11ed-9146-7085c281e0ea|ЦБ-000258|Товар без контента (Интернет магазин)|5b391dde-14e0-11ea-9103-7085c281e0ea|
0d682305-ccba-11ed-9146-7085c281e0ea|ЦБ-000259|ЦС Расходные материалы|052c460c-d55f-11e9-90fb-7085c281e0ea|
3bd0fc86-cd85-11ed-9146-7085c281e0ea|ЦБ-000260|Транзит Казань, Декабристов - Питер|68f5dbe7-5519-11eb-9111-7085c281e0ea|
c1cb7051-cef0-11ed-9146-7085c281e0ea|ЦБ-000261|Транзит Питер - Казань, Декабристов|96a1b993-c08a-11e7-7a69-971100038e88|
e0d75c72-d52e-11ed-9147-7085c281e0ea|ЦБ-000262|Склад кофейни|e0d75c71-d52e-11ed-9147-7085c281e0ea|
1ef1513c-0acf-11ee-914a-7085c281e0ea|ЦБ-000263|Зал продаж "Кафе" (Москва, Новокузнецкая, 39)|26fa593e-4ef4-11ed-913f-7085c281e0ea|
3c377a5d-0acf-11ee-914a-7085c281e0ea|ЦБ-000264|Склад "Кафе" (Москва, Новокузнецкая, 39)|26fa593e-4ef4-11ed-913f-7085c281e0ea|
6d3013fe-0bc3-11ee-914a-7085c281e0ea|ЦБ-000265|Зал продаж "Кафе" (Москва, Товарищеский, 1)|2210c829-4c48-11ec-911a-7085c281e0ea|
7640d12a-0bc3-11ee-914a-7085c281e0ea|ЦБ-000266|Склад "Кафе" (Москва, Товарищеский, 1)|2210c829-4c48-11ec-911a-7085c281e0ea|
b36c4340-2646-11ee-914a-7085c281e0ea|ЦБ-000267|Сборка OZON|0419ada3-e2c5-11ea-910d-7085c281e0ea|
bc0f4745-2646-11ee-914a-7085c281e0ea|ЦБ-000268|FBO OZON|0419ada3-e2c5-11ea-910d-7085c281e0ea|
1fd9acf1-2d43-11ee-914a-7085c281e0ea|ЦБ-000269|Склад (Петровский, 21)|1fd9acf0-2d43-11ee-914a-7085c281e0ea|
1fd9acf2-2d43-11ee-914a-7085c281e0ea|ЦБ-000270|Зал продаж (Петровский, 21)|1fd9acf0-2d43-11ee-914a-7085c281e0ea|
3e5afd70-2d43-11ee-914a-7085c281e0ea|ЦБ-000271|Товары для Петровского|052c460c-d55f-11e9-90fb-7085c281e0ea|
646b4e6b-2d43-11ee-914a-7085c281e0ea|ЦБ-000273|Брак (Петровский, 21)|1fd9acf0-2d43-11ee-914a-7085c281e0ea|
92682401-2d43-11ee-914a-7085c281e0ea|ЦБ-000274|Новая коллекция (Петровский, 21)|1fd9acf0-2d43-11ee-914a-7085c281e0ea|
9f1a25d3-2d43-11ee-914a-7085c281e0ea|ЦБ-000275|Ремонт (Петровский, 21)|1fd9acf0-2d43-11ee-914a-7085c281e0ea|
a94da3aa-2d43-11ee-914a-7085c281e0ea|ЦБ-000276|Склад Единички (Петровский, 21)|1fd9acf0-2d43-11ee-914a-7085c281e0ea|
b1f501a7-2d43-11ee-914a-7085c281e0ea|ЦБ-000277|Склад Недостачи (Петровский, 21)|1fd9acf0-2d43-11ee-914a-7085c281e0ea|
bd6c9a03-2d43-11ee-914a-7085c281e0ea|ЦБ-000278|Стирка (Петровский, 21)|1fd9acf0-2d43-11ee-914a-7085c281e0ea|
d0d8fc8a-2d43-11ee-914a-7085c281e0ea|ЦБ-000279|Транзит ЦС - Петровский, 21|1fd9acf0-2d43-11ee-914a-7085c281e0ea|
e3884b2e-2d43-11ee-914a-7085c281e0ea|ЦБ-000280|Транзит Долгоруковская - Петровский|1fd9acf0-2d43-11ee-914a-7085c281e0ea|
eb995d0f-2d43-11ee-914a-7085c281e0ea|ЦБ-000281|Транзит Дорогомиловская - Петровский|1fd9acf0-2d43-11ee-914a-7085c281e0ea|
fbf92050-2d43-11ee-914a-7085c281e0ea|ЦБ-000282|Транзит Павелецкая - Петровский|1fd9acf0-2d43-11ee-914a-7085c281e0ea|
050e55cd-2d44-11ee-914a-7085c281e0ea|ЦБ-000283|Транзит - Таганская - Петровский|1fd9acf0-2d43-11ee-914a-7085c281e0ea|
1e0ad0c5-2d44-11ee-914a-7085c281e0ea|ЦБ-000284|Транзит Петровский - Дорогомиловская|82be1061-22a4-11eb-910f-7085c281e0ea|
3444b317-2d44-11ee-914a-7085c281e0ea|ЦБ-000285|Транзит Петровский - Долгоруковская|547b8208-c5c0-11e9-90f7-7085c281e0ea|
452ab04d-2d44-11ee-914a-7085c281e0ea|ЦБ-000286|Транзит Петровский - Павелецкая|26fa593e-4ef4-11ed-913f-7085c281e0ea|
5d5dd7e7-2d44-11ee-914a-7085c281e0ea|ЦБ-000287|Транзит Петровский - Таганская|2210c829-4c48-11ec-911a-7085c281e0ea|
268fb8e0-2d45-11ee-914a-7085c281e0ea|ЦБ-000288|Транзит Петровский - Москва|052c460c-d55f-11e9-90fb-7085c281e0ea|
a8d3e4b3-48c6-11ee-914f-7085c281e0ea|ЦБ-000289|Зал продаж "Кафе" (Москва, Петровский, 21)|1fd9acf0-2d43-11ee-914a-7085c281e0ea|
45528bc3-67b9-11ee-914f-7085c281e0ea|ЦБ-000290|Склад "Кафе" (Москва, Большая Дорогомиловская, 8)|82be1061-22a4-11eb-910f-7085c281e0ea|
6c8b6b51-67b9-11ee-914f-7085c281e0ea|ЦБ-000291|Зал продаж "Кафе" (Большая Дорогомиловская, 8)|82be1061-22a4-11eb-910f-7085c281e0ea|
05dc1969-9dc9-11ee-9150-7085c281e0ea|ЦБ-000294|Склад Контент|dd59626c-16e6-11ed-913a-7085c281e0ea|
0c957e56-9dc9-11ee-9150-7085c281e0ea|ЦБ-000295|Склад Обтравка|dd59626c-16e6-11ed-913a-7085c281e0ea|
72a3b825-9dc9-11ee-9150-7085c281e0ea|ЦБ-000296|Транзит ММ - ЦС|052c460c-d55f-11e9-90fb-7085c281e0ea|
7b5dc02d-9dc9-11ee-9150-7085c281e0ea|ЦБ-000297|Подготовка Обтравка|052c460c-d55f-11e9-90fb-7085c281e0ea|
e6559075-a047-11ee-9150-7085c281e0ea|ЦБ-000298|Склад "Кафе" (Москва, Долгоруковская, 40)|547b8208-c5c0-11e9-90f7-7085c281e0ea|
2249050a-a048-11ee-9150-7085c281e0ea|ЦБ-000299|Зал продаж "Кафе (Москва, Долгоруковская, 40)|547b8208-c5c0-11e9-90f7-7085c281e0ea|
132aa57e-e286-11ee-9154-7085c281e0ea|ЦБ-000300|Склад поступлений (ИП Соколова)|052c460c-d55f-11e9-90fb-7085c281e0ea|
1de7e567-ea94-11ee-9154-7085c281e0ea|ЦБ-000301|Склад (Калужская, 1)|1de7e566-ea94-11ee-9154-7085c281e0ea|
1de7e568-ea94-11ee-9154-7085c281e0ea|ЦБ-000302|Зал продаж (Калужская, 1)|1de7e566-ea94-11ee-9154-7085c281e0ea|
2cf36369-eb62-11ee-9154-7085c281e0ea|ЦБ-000304|Товары для Калужской|052c460c-d55f-11e9-90fb-7085c281e0ea|
0413bfc4-ee5c-11ee-9154-7085c281e0ea|ЦБ-000305|Склад Маркировка (Казань, Декабристов, 8)|96a1b993-c08a-11e7-7a69-971100038e88|
1f073e02-ee5c-11ee-9154-7085c281e0ea|ЦБ-000306|Склад Маркировка (Казань, Проспект Победы, 33)|513386ae-b62c-11e6-7a31-d0fd004a3a26|
27d94fc4-ee5d-11ee-9154-7085c281e0ea|ЦБ-000307|Склад Маркировка (Большая Дорогомиловская, 8)|82be1061-22a4-11eb-910f-7085c281e0ea|
41e3796e-ee5d-11ee-9154-7085c281e0ea|ЦБ-000308|Склад Маркировка (Интернет магазин)|5b391dde-14e0-11ea-9103-7085c281e0ea|
5c75c7d4-ee5d-11ee-9154-7085c281e0ea|ЦБ-000309|Склад Маркировка (Калужская, 1)|1de7e566-ea94-11ee-9154-7085c281e0ea|
773ea40e-ee5d-11ee-9154-7085c281e0ea|ЦБ-000310|Склад Маркировка (Москва, Долгоруковская, 40)|547b8208-c5c0-11e9-90f7-7085c281e0ea|
8ae4547d-ee5d-11ee-9154-7085c281e0ea|ЦБ-000311|Склад Маркировка (Москва, Новокузнецкая, 39)|26fa593e-4ef4-11ed-913f-7085c281e0ea|
9de34b02-ee5d-11ee-9154-7085c281e0ea|ЦБ-000312|Склад Маркировка (Москва, Петровский, 21)|1fd9acf0-2d43-11ee-914a-7085c281e0ea|
aa106d25-ee5d-11ee-9154-7085c281e0ea|ЦБ-000313|Склад Маркировка (Москва, Товарищеский, 1)|2210c829-4c48-11ec-911a-7085c281e0ea|
c31fb80f-ee5d-11ee-9154-7085c281e0ea|ЦБ-000314|Склад Маркировка (Спб, Фурштатская, 42)|68f5dbe7-5519-11eb-9111-7085c281e0ea|
88483dcc-f33d-11ee-9154-7085c281e0ea|ЦБ-000315|Склад Форма персонала (Казань, Декабристов, 8)|96a1b993-c08a-11e7-7a69-971100038e88|
ddd91f97-f33d-11ee-9154-7085c281e0ea|ЦБ-000316|Склад Форма персонала (Казань, Проспект Победы,33)|513386ae-b62c-11e6-7a31-d0fd004a3a26|
b246b420-f585-11ee-9154-7085c281e0ea|ЦБ-000317|Склад Форма персонала (Большая Дорогомиловская, 8)|82be1061-22a4-11eb-910f-7085c281e0ea|
cb26c65b-f585-11ee-9154-7085c281e0ea|ЦБ-000318|Склад Форма персонала (Москва, Калужская, 1)|1de7e566-ea94-11ee-9154-7085c281e0ea|
debc20c2-f585-11ee-9154-7085c281e0ea|ЦБ-000319|Склад Форма персонала (Москва, Долгоруковская, 40)|547b8208-c5c0-11e9-90f7-7085c281e0ea|
f15a796a-f585-11ee-9154-7085c281e0ea|ЦБ-000320|Склад Форма персонала (Москва, Новокузнецкая, 39)|26fa593e-4ef4-11ed-913f-7085c281e0ea|
fdfecad2-f585-11ee-9154-7085c281e0ea|ЦБ-000321|Склад Форма персонала (Москва, Петровский, 21)|1fd9acf0-2d43-11ee-914a-7085c281e0ea|
15bdc629-f586-11ee-9154-7085c281e0ea|ЦБ-000322|Склад Форма персонала (Москва, Товарищеский, 1)|2210c829-4c48-11ec-911a-7085c281e0ea|
263ad55e-f586-11ee-9154-7085c281e0ea|ЦБ-000323|Склад Форма персонала (Спб, Фурштатская, 42)|68f5dbe7-5519-11eb-9111-7085c281e0ea|
8724f6d4-f817-11ee-9155-7085c281e0ea|ЦБ-000324|Склад (Спб, Садовая, 42)|8724f6d3-f817-11ee-9155-7085c281e0ea|
8724f6d5-f817-11ee-9155-7085c281e0ea|ЦБ-000325|Зал продаж (Спб, Садовая, 42)|8724f6d3-f817-11ee-9155-7085c281e0ea|
5c0f73db-04aa-11ef-9155-7085c281e0ea|ЦБ-000326|Новая коллекция (Калужская, 1)|1de7e566-ea94-11ee-9154-7085c281e0ea|
8680b0bc-04aa-11ef-9155-7085c281e0ea|ЦБ-000327|Брак (Калужская, 1)|1de7e566-ea94-11ee-9154-7085c281e0ea|
98195c2b-04aa-11ef-9155-7085c281e0ea|ЦБ-000328|Ремонт (Калужская, 1)|1de7e566-ea94-11ee-9154-7085c281e0ea|
a7eb0de9-04aa-11ef-9155-7085c281e0ea|ЦБ-000329|Склад "Единички" (Калужская, 1)|1de7e566-ea94-11ee-9154-7085c281e0ea|
1a280fd5-04ab-11ef-9155-7085c281e0ea|ЦБ-000330|Склад "Недостачи" (Калужская, 1)|1de7e566-ea94-11ee-9154-7085c281e0ea|
46aaaf3e-04ab-11ef-9155-7085c281e0ea|ЦБ-000331|Стирка (Калужская, 1)|1de7e566-ea94-11ee-9154-7085c281e0ea|
5e3268d7-04ab-11ef-9155-7085c281e0ea|ЦБ-000332|Транзит Долгоруковская - Калужская|1de7e566-ea94-11ee-9154-7085c281e0ea|
95f86674-04ab-11ef-9155-7085c281e0ea|ЦБ-000333|Транзит Москва - Калужская|1de7e566-ea94-11ee-9154-7085c281e0ea|
a4a1ef90-04ab-11ef-9155-7085c281e0ea|ЦБ-000334|Транзит Павелецкая - Калужская|1de7e566-ea94-11ee-9154-7085c281e0ea|
af406e08-04ab-11ef-9155-7085c281e0ea|ЦБ-000335|Транзит Петровский - Калужская|1de7e566-ea94-11ee-9154-7085c281e0ea|
20b9d393-04ac-11ef-9155-7085c281e0ea|ЦБ-000336|Транзит Таганская - Калужская|1de7e566-ea94-11ee-9154-7085c281e0ea|
33e0f8d9-04ac-11ef-9155-7085c281e0ea|ЦБ-000337|Транзит Калужская - Москва|052c460c-d55f-11e9-90fb-7085c281e0ea|
74a90185-04ac-11ef-9155-7085c281e0ea|ЦБ-000338|Транзит Дорогомиловская - Калужская|1de7e566-ea94-11ee-9154-7085c281e0ea|
7fc86f57-04ac-11ef-9155-7085c281e0ea|ЦБ-000339|Транзит Калужская - Дорогомиловская|82be1061-22a4-11eb-910f-7085c281e0ea|
8bfebe78-04ac-11ef-9155-7085c281e0ea|ЦБ-000340|Транзит Калужская - Новослободская|547b8208-c5c0-11e9-90f7-7085c281e0ea|
95ecdf00-04ac-11ef-9155-7085c281e0ea|ЦБ-000341|Транзит Калужская - Павелецкая|26fa593e-4ef4-11ed-913f-7085c281e0ea|
a05bd802-04ac-11ef-9155-7085c281e0ea|ЦБ-000342|Транзит Калужская - Петровский|1fd9acf0-2d43-11ee-914a-7085c281e0ea|
a86d22ed-04ac-11ef-9155-7085c281e0ea|ЦБ-000343|Транзит Калужская - Таганская|2210c829-4c48-11ec-911a-7085c281e0ea|
00b33438-073d-11ef-9155-7085c281e0ea|ЦБ-000344|Зал продаж "Кафе" (Москва, Калужская, 1)|1de7e566-ea94-11ee-9154-7085c281e0ea|
62b84b73-113e-11ef-9156-7085c281e0ea|ЦБ-000345|Склад Маркировка (FBS)|0419ada3-e2c5-11ea-910d-7085c281e0ea|
3e9584f5-137b-11ef-9156-7085c281e0ea|ЦБ-000346|Склад поступлений (ИП Ушанов)|052c460c-d55f-11e9-90fb-7085c281e0ea|
55144a88-149a-11ef-9156-7085c281e0ea|ЦБ-000347|Зал продаж "Кафе" (Спб, Фурштатская, 42)|68f5dbe7-5519-11eb-9111-7085c281e0ea|
7cec9cf7-1e7d-11ef-9158-7085c281e0ea|ЦБ-000348|Склад поступлений (ИП Мазаник Александр Петрович)|052c460c-d55f-11e9-90fb-7085c281e0ea|
8b585c2c-1e7d-11ef-9158-7085c281e0ea|ЦБ-000349|Склад поступлений (ИП Джавадян Сирануш Гарниковна)|052c460c-d55f-11e9-90fb-7085c281e0ea|
97cd793d-1e7d-11ef-9158-7085c281e0ea|ЦБ-000350|Склад поступлений (ИП Ахметзянова Азалия Радиковн)|052c460c-d55f-11e9-90fb-7085c281e0ea|
b2627766-1e88-11ef-9158-7085c281e0ea|ЦБ-000351|Товары для Белорусской|052c460c-d55f-11e9-90fb-7085c281e0ea|
e78f6682-3a9c-11ef-915d-7085c281e0ea|ЦБ-000352|Склад (1-я Тверская-Ямская, 36)|e78f6681-3a9c-11ef-915d-7085c281e0ea|
e78f6683-3a9c-11ef-915d-7085c281e0ea|ЦБ-000353|Зал продаж (1-я Тверская-Ямская, 36)|e78f6681-3a9c-11ef-915d-7085c281e0ea|
b39427f0-3f6f-11ef-915d-7085c281e0ea|ЦБ-000356|Зал продаж "Кафе" ( 1-ая Тверская-Ямская, 36)|e78f6681-3a9c-11ef-915d-7085c281e0ea|
d0799b90-45b9-11ef-9164-7085c281e0ea|ЦБ-000357|Транзит ЦС - 1-я Тверская-Ямская, 36|e78f6681-3a9c-11ef-915d-7085c281e0ea|
eaea3c26-45b9-11ef-9164-7085c281e0ea|ЦБ-000358|Транзит 1 Тверская-Ямская - Москва|052c460c-d55f-11e9-90fb-7085c281e0ea|
fd63cea2-45b9-11ef-9164-7085c281e0ea|ЦБ-000359|Брак ( 1-ая Тверская-Ямская, 36)|e78f6681-3a9c-11ef-915d-7085c281e0ea|
03e9a87d-45ba-11ef-9164-7085c281e0ea|ЦБ-000360|Новая коллекция ( 1-ая Тверская-Ямская, 36)|e78f6681-3a9c-11ef-915d-7085c281e0ea|
1098b200-45ba-11ef-9164-7085c281e0ea|ЦБ-000361|Ремонт ( 1-ая Тверская-Ямская, 36)|e78f6681-3a9c-11ef-915d-7085c281e0ea|
1d89c899-45ba-11ef-9164-7085c281e0ea|ЦБ-000362|Склад "Единички" ( 1-ая Тверская-Ямская, 36)|e78f6681-3a9c-11ef-915d-7085c281e0ea|
2ab188f5-45ba-11ef-9164-7085c281e0ea|ЦБ-000363|Склад "Кафе" ( 1-ая Тверская-Ямская, 36)|e78f6681-3a9c-11ef-915d-7085c281e0ea|
3a8cf646-45ba-11ef-9164-7085c281e0ea|ЦБ-000364|Склад "Недостачи" ( 1-ая Тверская-Ямская, 36)|e78f6681-3a9c-11ef-915d-7085c281e0ea|
40b2899c-45ba-11ef-9164-7085c281e0ea|ЦБ-000365|Склад Маркировка ( 1-ая Тверская-Ямская, 36)|e78f6681-3a9c-11ef-915d-7085c281e0ea|
4d7e34dd-45ba-11ef-9164-7085c281e0ea|ЦБ-000366|Склад Форма персонала ( 1-ая Тверская-Ямская, 36)|e78f6681-3a9c-11ef-915d-7085c281e0ea|
538c8a0e-45ba-11ef-9164-7085c281e0ea|ЦБ-000367|Стирка ( 1-ая Тверская-Ямская, 36)|e78f6681-3a9c-11ef-915d-7085c281e0ea|
afd67cc3-45ba-11ef-9164-7085c281e0ea|ЦБ-000368|Транзит Долгоруковская - 1 Тверская-Ямская|e78f6681-3a9c-11ef-915d-7085c281e0ea|
c12b2fb4-45ba-11ef-9164-7085c281e0ea|ЦБ-000369|Транзит Дорогомиловская - 1 Тверская-Ямская|e78f6681-3a9c-11ef-915d-7085c281e0ea|
e0de3d0c-45ba-11ef-9164-7085c281e0ea|ЦБ-000370|Транзит Таганская - 1 Тверская-Ямская|e78f6681-3a9c-11ef-915d-7085c281e0ea|
efa5dcb1-45ba-11ef-9164-7085c281e0ea|ЦБ-000371|Транзит Павелецкая - 1 Тверская-Ямская|e78f6681-3a9c-11ef-915d-7085c281e0ea|
fb895739-45ba-11ef-9164-7085c281e0ea|ЦБ-000372|Транзит Петровский - 1 Тверская-Ямская|e78f6681-3a9c-11ef-915d-7085c281e0ea|
0355f8f5-45bb-11ef-9164-7085c281e0ea|ЦБ-000373|Транзит Калужская - 1 Тверская-Ямская|e78f6681-3a9c-11ef-915d-7085c281e0ea|
1e9bfd88-45bb-11ef-9164-7085c281e0ea|ЦБ-000374|Транзит 1 Тверская-Ямская - Дорогомиловская|82be1061-22a4-11eb-910f-7085c281e0ea|
2c21517b-45bb-11ef-9164-7085c281e0ea|ЦБ-000375|Транзит 1 Тверская-Ямская - Калужская|1de7e566-ea94-11ee-9154-7085c281e0ea|
3e5b9cae-45bb-11ef-9164-7085c281e0ea|ЦБ-000376|Транзит 1 Тверская-Ямская - Новослободская|547b8208-c5c0-11e9-90f7-7085c281e0ea|
48ec76f8-45bb-11ef-9164-7085c281e0ea|ЦБ-000377|Транзит 1 Тверская-Ямская - Павелецкая|26fa593e-4ef4-11ed-913f-7085c281e0ea|
5c89a835-45bb-11ef-9164-7085c281e0ea|ЦБ-000378|Транзит 1 Тверская-Ямская - Петровский|1fd9acf0-2d43-11ee-914a-7085c281e0ea|
72c61cb5-45bb-11ef-9164-7085c281e0ea|ЦБ-000379|Транзит 1 Тверская-Ямская - Таганская|2210c829-4c48-11ec-911a-7085c281e0ea|
ad7f132f-45cc-11ef-9164-7085c281e0ea|ЦБ-000380|Товары для Садовой|052c460c-d55f-11e9-90fb-7085c281e0ea|
a5cddb6c-6e9e-11ef-916d-7085c281e0ea|ЦБ-000381|ЦС Недостачи|052c460c-d55f-11e9-90fb-7085c281e0ea|
af76fe35-6e9e-11ef-916d-7085c281e0ea|ЦБ-000382|ПРЦ|052c460c-d55f-11e9-90fb-7085c281e0ea|
d5130bb4-7738-11ef-916d-7085c281e0ea|ЦБ-000384|Транзит ЦС - Спб, Садовая, 42|8724f6d3-f817-11ee-9155-7085c281e0ea|
eb0e52d3-7753-11ef-916d-7085c281e0ea|ЦБ-000385|Брак (Спб, Садовая, 42)|8724f6d3-f817-11ee-9155-7085c281e0ea|
fe569450-7753-11ef-916d-7085c281e0ea|ЦБ-000386|Ремонт (Спб, Садовая, 42)|8724f6d3-f817-11ee-9155-7085c281e0ea|
0e491a65-7754-11ef-916d-7085c281e0ea|ЦБ-000387|Сезон Хранение (Спб, Садовая, 42)|8724f6d3-f817-11ee-9155-7085c281e0ea|
272dc449-7754-11ef-916d-7085c281e0ea|ЦБ-000388|Склад "Единички" (Спб, Садовая, 42)|8724f6d3-f817-11ee-9155-7085c281e0ea|
3a407baf-7754-11ef-916d-7085c281e0ea|ЦБ-000389|Склад "Недостачи" (Спб, Садовая, 42)|8724f6d3-f817-11ee-9155-7085c281e0ea|
15322d79-7756-11ef-916d-7085c281e0ea|ЦБ-000390|Склад Маркировка (Спб, Садовая, 42)|8724f6d3-f817-11ee-9155-7085c281e0ea|
3b92b5d2-7756-11ef-916d-7085c281e0ea|ЦБ-000391|Склад Новая коллекция (Спб, Садовая, 42)|8724f6d3-f817-11ee-9155-7085c281e0ea|
52a3bde5-7756-11ef-916d-7085c281e0ea|ЦБ-000392|Склад Форма персонала (Спб, Садовая, 42)|8724f6d3-f817-11ee-9155-7085c281e0ea|
6c0019ad-7756-11ef-916d-7085c281e0ea|ЦБ-000393|Стирка (Спб, Садовая, 42)|8724f6d3-f817-11ee-9155-7085c281e0ea|
9e254c3c-7759-11ef-916d-7085c281e0ea|ЦБ-000394|Транзит Казань, Проспект - СПБ, Садовая|8724f6d3-f817-11ee-9155-7085c281e0ea|
48f7fb6c-775b-11ef-916d-7085c281e0ea|ЦБ-000395|Транзит Казань, Декабристов - СПБ, Садовая|8724f6d3-f817-11ee-9155-7085c281e0ea|
9e639bd5-775b-11ef-916d-7085c281e0ea|ЦБ-000396|Транзит СПБ, Садовая - Казань, Декабристов|96a1b993-c08a-11e7-7a69-971100038e88|
c1757f7a-775b-11ef-916d-7085c281e0ea|ЦБ-000397|Транзит СПБ, Садовая - Казань, Проспект|513386ae-b62c-11e6-7a31-d0fd004a3a26|
fe05f12f-775b-11ef-916d-7085c281e0ea|ЦБ-000398|Транзит СПБ, Садовая - Москва|052c460c-d55f-11e9-90fb-7085c281e0ea|
845b3e07-775f-11ef-916d-7085c281e0ea|ЦБ-000399|Зал продаж "Кафе" (Спб, Садовая, 42)|8724f6d3-f817-11ee-9155-7085c281e0ea|
76cbba7e-8815-11ef-916e-7085c281e0ea|ЦБ-000400|Транзит СПБ, Фурштатская - СПБ, Садовая|8724f6d3-f817-11ee-9155-7085c281e0ea|
90396623-8815-11ef-916e-7085c281e0ea|ЦБ-000401|Транзит СПБ, Садовая - СПБ, Фурштатская|68f5dbe7-5519-11eb-9111-7085c281e0ea|
adaa6157-8f83-11ef-916e-7085c281e0ea|ЦБ-000402|Сборка (Wildberries)|5b391dde-14e0-11ea-9103-7085c281e0ea|
652d5357-ac0a-11ef-9173-7085c281e0ea|ЦБ-000403|Транзит Контент - Москва|052c460c-d55f-11e9-90fb-7085c281e0ea|
b4a9db4c-be29-11ef-9175-7085c281e0ea|ЦБ-000404|FBO Lamoda|0419ada3-e2c5-11ea-910d-7085c281e0ea|
cfa577c6-c2d0-11ef-9175-7085c281e0ea|ЦБ-000405|Сборка Lamoda|0419ada3-e2c5-11ea-910d-7085c281e0ea|
3b25704f-f4ff-11ef-9175-7085c281e0ea|ЦБ-000406|Отгрузка OffPrice|052c460c-d55f-11e9-90fb-7085c281e0ea|
9b31e7c7-08af-11f0-9175-7085c281e0ea|ЦБ-000407|Транзит ЦС - ММ|dd59626c-16e6-11ed-913a-7085c281e0ea|
